userID,gender,age
460523,F,Y
460773,M,O
463906,F,O
468820,M,O
471764,F,O
473195,F,O
475585,M,Y
477734,M,O
479329,M,O
480339,M,O
481542,M,Y
488009,M,O
488154,F,O
488435,F,O
489878,M,O
508371,M,O
508400,M,O
511239,F,O
512125,M,O
514986,F,O
516443,M,O
522627,M,O
524886,M,O
526293,M,O
530635,M,O
533298,M,O
535199,M,O
535843,F,O
541431,M,O
558867,F,O
563530,F,O
563559,M,O
565090,F,O
565514,M,O
567280,M,O
568123,F,O
570156,M,O
572608,F,O
575081,F,O
580330,M,O
581113,F,O
581718,M,O
587562,M,O
597798,F,O
600395,M,O
603615,M,O
607512,F,O
611938,F,O
613162,M,O
613426,F,O
615328,M,Y
624292,F,O
628137,M,O
635418,F,O
637093,M,O
638661,F,O
641183,M,O
642574,M,Y
646950,F,O
647264,M,O
648750,F,O
654379,M,O
666036,M,O
673251,M,O
680189,M,O
681298,M,O
684777,F,O
690803,M,O
691662,M,O
692132,M,Y
693737,M,O
697973,M,O
698201,M,O
699368,M,O
699738,M,O
709954,M,O
373637,F,O
375726,M,O
378008,M,O
382034,F,O
382047,M,O
386887,M,O
387371,M,O
388374,M,O
388822,M,Y
390755,M,O
394000,F,O
396948,F,O
398091,M,O
407655,F,O
418966,M,O
419372,M,O
421032,M,Y
430163,F,O
434252,M,O
436310,M,O
439220,M,Y
442919,F,O
446693,M,O
448587,M,O
450946,M,O
454615,M,O
461040,M,O
463685,F,O
463820,M,O
465317,M,O
468635,F,O
478008,F,O
496821,M,O
497450,M,O
504735,F,O
520545,M,O
524055,M,O
529283,F,O
543001,M,O
544032,F,O
546749,F,O
547767,M,O
548519,M,O
554071,F,O
554154,M,O
567012,M,O
574218,F,O
581008,F,O
581287,F,O
585388,M,O
587051,M,O
587278,M,O
591852,M,O
602773,M,O
604613,M,O
605339,M,O
607607,M,O
612375,F,O
619178,F,Y
624969,M,O
628741,M,O
629047,M,O
638261,M,O
639775,M,O
645805,M,O
649221,M,O
649586,M,O
655146,M,O
655753,M,O
666020,F,O
668360,F,O
672146,F,O
674386,F,O
677556,M,O
684387,M,O
684961,F,O
687500,M,O
688797,M,Y
692451,M,Y
1459218,M,O
1463003,M,O
1469895,M,O
1470884,M,O
1478444,M,O
1478557,M,Y
1484058,F,O
1484066,M,O
1494524,M,O
1500411,F,O
1501982,F,O
1513916,F,O
1516620,M,O
1524979,M,O
1528397,F,O
1528682,F,O
1531356,M,O
1538338,F,O
1540311,M,O
1542588,M,O
1544837,M,O
1546480,M,O
1547817,F,O
1549435,M,O
1556795,M,O
1561544,M,O
1562912,F,O
1566570,M,O
1575760,M,O
1580717,M,O
1581910,M,O
1581983,M,Y
1582918,M,O
1584149,M,O
1585222,M,O
1589938,M,O
1591183,F,O
1593174,F,O
1594129,F,Y
1594291,M,O
1594590,F,O
1600633,M,O
1601147,F,O
1602584,M,O
1621375,F,O
1626388,M,O
1626558,F,O
1630183,F,O
1631888,M,O
1634412,F,O
1636401,F,O
1636777,F,O
1638851,F,O
1666533,M,O
1669156,M,O
1669635,M,O
1672092,M,O
1683971,M,O
1684302,M,O
1685496,F,O
1685681,M,O
1689373,F,O
1689509,M,Y
1691062,M,O
1692767,F,O
1706463,F,O
1706877,M,O
1709771,M,O
1710775,F,O
1715173,F,O
1718511,F,O
1722514,F,O
1723707,M,Y
1723760,F,O
1723897,M,O
1724669,M,O
1727157,F,O
1738041,M,O
1742377,M,O
1750942,F,Y
1757493,M,O
1763407,M,O
1763943,M,O
1766001,F,O
1767549,F,O
1769836,M,O
1773077,F,O
1778320,M,O
1778903,M,O
1782920,F,O
1788229,F,O
1791109,F,O
1791265,F,O
1792502,M,Y
1797187,F,O
1799426,M,O
1800956,M,Y
1804458,F,O
1804908,F,O
1805457,M,O
1817014,M,O
1818685,F,O
1166588,F,O
1167458,M,Y
1175627,M,O
1176954,M,Y
1178151,F,O
1181345,M,O
1181360,F,O
1183639,M,Y
1185438,M,Y
1193544,M,O
1194029,M,O
1196750,M,O
1205198,F,O
1210896,F,O
1211917,F,O
1212408,M,O
1212884,F,O
1213596,M,O
1216057,M,O
1220109,M,O
1224540,M,O
1227938,M,O
1228502,M,O
1233159,M,O
1239087,M,O
1244887,M,O
1245684,M,O
1246595,M,O
1246772,F,O
1248262,F,O
1249902,F,O
1255957,M,O
1257891,M,O
1259428,F,O
1261636,M,O
1262274,F,O
1264065,M,O
1267836,M,O
1268047,F,O
1269845,M,Y
1272958,M,O
1274247,F,O
1275175,F,O
1277174,F,O
1278516,M,O
1280538,M,Y
1284719,M,O
1301485,M,O
1302168,F,O
1303079,F,O
1304641,M,O
1310388,F,O
1316899,M,O
1319490,F,O
1321729,M,O
1324980,M,O
1329461,M,O
1332532,M,O
1337446,M,O
1339415,F,O
1347709,M,O
1348856,M,O
1352772,M,O
1352937,M,O
1353663,M,O
1354105,F,O
1354580,M,O
1361299,F,O
1367159,M,O
1368866,F,O
1369299,M,O
1369492,F,O
1372271,M,O
1373323,F,O
1373366,M,O
1376550,M,O
1376608,M,O
1377709,M,Y
1389939,M,O
1390027,M,O
1390225,F,O
1391488,M,O
1395314,F,O
1401410,F,O
1407973,M,O
1408852,F,O
1409234,M,O
1409325,M,O
1409889,M,O
1418200,M,O
1421501,M,O
1424173,M,Y
1424414,M,O
1426433,M,O
1428510,M,O
1145942,M,O
1148068,M,O
1148616,M,O
1150654,M,O
1157152,M,O
1159394,F,O
1160462,F,O
1165448,M,O
1172008,F,O
1184299,M,O
1186999,F,O
1193873,M,O
1200338,F,Y
1205317,M,O
1219420,F,O
1222221,F,Y
1224903,M,O
1231075,F,O
1234083,F,O
1241784,M,O
1243010,F,O
1244095,M,O
1244999,F,O
1253695,M,O
1255547,F,O
1255770,M,O
1256946,M,O
1259257,M,O
1265395,M,O
1278864,M,O
1283961,M,O
1284261,F,O
1288534,F,O
1302596,F,O
1305438,M,O
1316043,M,O
1341048,M,O
1344652,M,O
1344950,F,O
1348266,M,O
1348725,M,O
1349386,M,O
1357343,F,O
1361249,M,O
1364833,M,O
1369603,F,O
1371817,M,O
1382058,F,O
1390781,F,O
1393457,M,O
1393995,F,O
1398346,F,O
1402244,F,O
1406283,M,Y
1407672,M,O
1419447,M,O
1421450,M,O
1422846,M,O
1439508,M,O
1445929,M,O
1447860,M,O
1447960,M,O
1459748,M,O
1459946,M,O
1460285,F,O
1464726,M,O
1465556,M,O
1467225,M,O
1469562,M,O
1479518,F,O
1482345,F,O
1482443,M,O
1483649,M,O
1490951,M,O
1492551,M,O
1496367,M,O
1497373,M,O
1497771,F,O
1500819,F,O
1501732,M,O
1509215,M,Y
1510042,M,O
1514289,F,O
1517962,M,O
1522282,M,O
1525109,M,O
1539389,M,O
1539724,M,O
1540640,M,O
1546289,F,O
1547747,M,O
1551203,M,O
1551504,F,O
1551763,F,O
1552856,F,O
1556129,M,O
1562776,F,O
1563106,M,O
1571965,M,O
1576890,F,O
1579418,M,O
1584080,M,O
1587871,F,O
1595817,F,O
1598356,F,O
1601109,M,Y
1601863,M,O
1603020,M,O
1606526,F,O
1611240,F,O
1612760,F,O
1612816,F,O
1617747,F,Y
1619492,M,O
1621179,M,O
1623316,M,O
1625778,M,Y
1626884,M,O
1629067,M,O
1632462,F,O
1639205,F,O
1642780,F,O
1653361,M,Y
1661265,M,O
1667506,F,O
1670728,M,O
1680679,F,O
1683467,M,O
1690434,F,O
1695226,M,O
1705351,F,O
1706642,M,O
1707144,M,Y
1709546,F,O
1711343,M,Y
1717288,M,O
1725537,M,O
1726345,F,O
1728733,M,O
1734372,M,O
1734996,F,O
1737052,M,O
1570871,F,O
1571225,M,O
1576686,M,O
1576982,M,O
1577587,M,O
1579438,M,O
1580890,M,O
1582309,M,Y
1591487,M,O
1592309,M,O
1593228,M,O
1596383,F,O
1599184,M,O
1600295,M,O
1606006,F,O
1606261,F,O
1611413,F,O
1615745,M,O
1623944,M,O
1626303,F,O
1626480,F,O
1632429,M,O
1632732,M,O
1635901,M,O
1638237,F,O
1638393,M,O
1649551,F,O
1663407,M,O
1663916,F,O
1670566,F,O
1677223,M,O
1681804,M,O
1682599,F,O
1683676,M,O
1686712,M,O
1689070,F,O
1691879,F,O
1696876,M,O
1717949,F,O
1723942,M,O
1723979,M,O
1727882,M,O
1734714,M,O
1740214,M,O
1751066,F,O
1755614,F,O
1759763,M,O
1759807,M,O
1761500,M,O
1766380,F,O
1766563,F,O
1767026,F,O
1768848,M,O
1769650,F,O
1771793,M,O
1777630,F,O
1781629,M,O
1785972,M,O
1789106,M,O
1789176,F,O
1796410,F,O
1801449,M,O
1806646,F,O
1810567,M,O
1810918,M,O
1820026,M,O
1828074,M,O
1832828,F,O
1837901,F,O
1840752,F,O
1842545,M,O
1844039,M,O
1850693,M,O
1855623,F,O
1867900,F,O
1871631,F,O
1880847,F,O
1887908,F,O
1889804,F,O
1899625,F,O
1901083,M,O
1901639,F,O
1904386,M,O
1914464,M,O
1919626,M,O
1926382,F,O
1930189,M,O
1937279,M,O
1938924,M,O
1942042,F,O
1950229,M,O
1951137,M,O
1956514,M,O
1959251,M,O
1959627,M,O
1959827,F,O
1970913,F,O
1972567,F,O
1972603,F,O
1979782,M,O
1981602,M,O
1983865,F,O
2007143,F,Y
2007779,M,O
2012855,F,O
2014096,F,O
2016371,F,O
2017129,M,O
2019766,F,O
2034117,M,O
2042792,F,O
2047447,M,O
2050182,M,O
2050248,M,O
2052034,M,Y
2053311,F,O
2060170,M,O
2065124,M,O
2073489,M,O
2074882,M,O
2078100,M,O
2082569,M,Y
2085025,F,O
2088794,F,O
2091651,F,O
2092699,M,Y
2096853,F,O
2100261,M,O
2105380,M,O
2106397,M,O
2106929,M,O
2115405,M,O
2121744,M,O
2125444,F,O
2128355,F,O
2128993,M,O
2133587,F,O
2135892,M,O
2139424,F,O
2141681,M,O
2142634,M,O
2155118,M,O
2158072,F,O
2159036,M,O
2168178,F,O
2169405,M,O
2177813,M,O
2181355,M,O
2182304,F,O
2192014,M,O
2192741,F,O
2192948,F,O
2208643,M,O
2213890,M,O
2214875,F,O
2216015,M,O
2216365,F,O
2219285,M,O
2219289,M,O
2220002,F,O
2220394,F,O
2231885,M,O
2239521,M,O
2243037,M,O
2244728,M,O
2250509,M,O
2251430,M,O
2255432,F,O
2256991,F,Y
2260174,M,O
2264198,F,O
2265867,F,O
2267694,F,O
2268654,F,O
2269492,F,O
2271838,M,O
2277961,M,O
2281454,M,O
2291030,M,O
2291888,F,O
2294197,M,O
2296867,M,O
2302217,F,O
2304461,F,O
2309882,M,O
2319349,M,O
2323708,M,O
2326507,M,O
2330401,M,O
2338844,F,O
2339936,M,O
2341776,F,O
2346340,M,O
2348166,M,O
2353394,M,O
2354403,F,O
2357013,M,O
2359048,M,O
2361002,F,O
2366244,F,O
2370525,M,O
2370942,F,O
2392650,M,O
2396395,F,O
2403008,M,Y
2410700,M,Y
2421913,M,O
2424627,M,O
2431089,F,O
1058174,F,O
1058258,M,O
1062059,F,O
1064515,M,O
1067735,M,O
1073055,F,O
1079763,M,O
1083096,F,O
1085765,M,O
1086102,F,O
1087523,M,O
1090215,M,O
1095527,F,O
1101133,M,O
1101692,F,O
1101856,F,O
1102306,M,O
1108794,M,O
1109948,M,O
1111455,F,O
1127620,F,O
1130097,M,O
1133019,M,O
1133851,M,O
1138035,F,O
1140569,M,Y
1141813,F,O
1143854,F,O
1144747,M,O
1146922,M,O
1181969,M,Y
1183904,F,O
1185793,M,O
1188371,M,O
1210792,M,O
1213822,F,O
1215785,F,O
1220513,M,O
1230782,F,O
1231189,F,O
1231604,M,O
1237266,M,O
1237935,F,O
1242005,M,O
1242464,M,O
1251751,F,O
1260144,F,O
1261204,F,Y
1271697,M,Y
1279695,M,O
1281587,F,O
1283123,M,O
1283973,M,O
1285368,M,O
1289481,F,O
1293817,M,O
1295504,M,O
1301031,M,O
1302900,M,Y
1310586,M,O
1313667,M,O
1332930,F,O
1340212,F,O
1341711,M,O
1343841,F,O
1352343,M,O
1355226,M,Y
1359040,F,O
1359829,M,O
1360931,M,O
1363899,F,O
1366092,F,O
1367523,F,O
1379447,F,O
1384194,M,O
1385975,M,O
1387362,M,O
1387893,M,O
1388778,M,O
1393055,M,O
1396742,M,O
1416036,M,O
1416363,F,O
1420529,F,O
1425040,M,O
1425377,M,Y
1434254,M,O
1434532,M,Y
1439634,F,O
1443381,F,O
1451612,M,O
1453832,M,O
1456482,F,O
1457046,F,O
1458530,M,O
1459393,M,O
1465198,F,O
1471285,M,O
1471663,M,O
1472458,M,O
1475258,M,O
1477475,F,O
1478512,M,O
1478577,M,O
1482756,M,O
1484049,F,O
1485725,F,O
1485731,M,O
1494859,M,O
1495441,M,O
1500902,F,O
1503152,F,O
1508857,M,O
1509250,M,O
1514540,M,O
1517158,M,O
1735674,F,O
1744245,F,O
1744418,F,O
1757385,F,O
1765954,M,O
1767198,M,O
1768298,F,O
1769714,M,O
1770162,M,O
1774604,M,O
1776449,M,O
1776502,M,Y
1777535,F,O
1779601,M,O
1787024,M,O
1787245,M,O
1787750,M,O
1797181,F,O
1802719,M,O
1808847,F,O
1811511,M,O
1812609,M,O
1821718,M,O
1821984,F,O
1822436,M,O
1824014,F,O
1827300,M,O
1829267,M,O
1833611,M,O
1834795,M,O
1840031,M,O
1842055,F,O
1844207,F,O
1844254,M,Y
1845858,M,O
1850363,M,O
1852158,M,O
1858699,M,O
1861817,M,O
1867776,M,O
1871404,M,O
1893225,F,O
1897318,F,O
1898848,F,Y
1904017,M,O
1917167,M,O
1920818,M,O
1921632,M,O
1925352,M,O
1930252,F,O
1930942,M,O
1935291,M,O
1936409,M,O
1945018,M,O
1951188,M,O
1953246,F,O
1958082,M,O
1958572,M,Y
1960979,F,O
1961523,M,O
1967778,M,O
1968429,M,O
1972748,M,O
1977845,F,O
159496,M,O
814371,M,O
1168480,M,O
2438937,M,O
2571396,F,O
2571444,F,O
2575313,M,O
2580600,M,O
2581559,F,O
2588560,F,O
2588725,M,Y
1980411,M,O
1982259,F,O
1995130,M,O
1999956,M,O
2000688,F,O
2012165,M,O
2013872,F,O
2017350,F,O
2023687,M,O
2033159,M,O
2033600,M,O
2035114,F,O
2035223,F,O
2036457,M,O
2036576,F,O
2041403,F,O
2042323,M,O
2042862,F,O
2051168,M,O
2051273,F,O
2054635,F,O
2057713,F,O
2062252,M,Y
2062993,F,O
2064342,M,O
2066020,M,O
2066197,F,O
2089810,M,O
2089823,M,O
2092615,M,O
2094104,M,O
2094124,F,O
2096533,F,O
2102447,M,Y
2109070,M,O
2109207,F,O
2110180,F,O
2112442,M,O
2118208,M,Y
2119548,M,O
2121551,M,O
2124740,M,O
2127747,M,O
2133371,M,Y
2136997,F,O
2140119,F,O
2142911,F,O
2146981,F,O
2147986,F,O
2148002,F,O
2149447,F,O
2149774,M,O
2152255,M,O
2152831,M,Y
2155232,M,O
2158221,F,O
2161280,M,O
2175171,M,O
2175295,M,O
2176768,F,O
2181745,F,O
2182251,M,O
2186699,F,O
2189304,M,O
2191127,M,O
2191569,M,O
2192474,F,O
2197237,M,Y
2199270,F,O
2199831,F,O
2203524,M,O
2205701,F,O
2217641,F,O
2219871,M,O
2220844,M,O
2223825,F,O
2225148,M,O
2231265,M,O
2233358,M,O
2234959,M,O
2238674,F,O
2241681,M,O
2247944,F,O
2255729,F,O
2256464,F,O
2261848,M,Y
2268488,M,O
2274277,M,O
2275303,M,O
2276224,M,O
2279536,F,O
2285539,M,O
2288140,M,O
2301947,F,Y
16560,F,O
27563,M,O
29666,F,O
34622,M,O
49777,F,O
58069,F,O
68549,F,O
81344,M,O
82257,M,O
88084,F,O
96133,M,O
103088,F,O
111951,M,O
132409,F,O
135581,F,O
153731,M,O
163321,M,O
166007,F,O
171474,M,O
172281,M,O
176906,F,O
190052,M,O
194195,M,O
203059,M,O
207431,M,O
210160,F,O
224243,M,O
225231,F,O
227736,F,O
229904,M,O
230551,M,O
231249,M,O
232266,M,O
232606,F,O
234872,F,O
236126,M,O
237530,M,O
241274,M,O
241343,M,O
241526,M,O
244950,F,O
248590,M,O
249477,M,O
253429,M,O
255416,F,O
259132,F,O
260373,M,O
263911,M,Y
264276,F,O
265472,M,O
267328,M,O
270209,F,O
270237,M,O
271689,F,O
277255,F,O
278218,M,O
280499,F,O
285211,F,O
286167,F,O
302541,M,O
307655,F,O
309394,M,O
310032,F,O
310157,M,O
312636,M,O
316055,M,O
316983,M,O
317347,F,O
317708,M,O
323859,M,Y
326622,F,O
332828,M,O
334223,F,O
334246,F,O
334496,M,O
334526,M,O
336077,F,O
341203,F,O
351215,F,Y
353854,M,O
359845,M,O
360840,M,O
371761,M,O
379857,M,Y
382619,F,O
382997,F,O
385777,F,Y
386914,M,O
392368,M,O
395054,M,O
397256,F,O
401476,M,Y
406569,M,O
406970,M,Y
412423,M,O
413145,F,O
413564,F,O
416155,M,O
432301,M,O
433212,F,O
434413,F,O
436287,M,Y
436672,F,O
445433,M,O
448163,M,O
451635,M,O
455723,M,O
457153,M,Y
464043,M,O
473917,F,O
474268,F,O
474512,F,O
477328,F,O
483399,F,O
484101,F,Y
486807,F,O
493173,F,O
494017,F,O
494309,F,O
494952,F,O
503475,M,O
513185,F,O
521229,M,Y
530424,F,O
532714,M,O
541229,F,O
548166,M,O
555985,M,O
557245,M,O
557874,M,O
561744,M,O
566971,M,O
567971,M,Y
573959,M,O
575701,F,O
576413,M,O
576546,F,O
577557,M,Y
577867,F,O
578761,F,O
579626,F,O
583641,F,O
586813,M,O
597759,F,O
607737,M,O
609999,F,O
611999,M,O
612501,F,O
612612,F,O
613791,M,O
614970,F,O
616002,F,O
618730,F,O
620807,F,O
622725,M,O
626670,F,O
627588,M,O
630351,F,O
631552,M,O
634538,F,O
641538,F,O
644263,M,O
645687,M,Y
646979,M,O
647185,M,O
648967,F,O
649986,F,O
656148,F,O
657836,M,O
662965,M,O
667075,F,O
667090,M,O
676353,F,O
679103,M,O
683797,M,O
684346,M,O
686912,M,O
691234,F,O
696399,M,O
697325,M,O
697723,M,O
698016,M,O
708483,F,O
719275,F,O
719421,F,O
722068,M,O
724413,M,O
1509213,M,O
1510731,F,O
1514735,M,O
1515687,M,O
1516229,M,O
1528908,M,O
1530987,F,O
1533739,F,O
1533855,F,O
1535969,F,O
1539209,M,O
1540358,M,O
1545712,F,O
1545724,F,O
1550147,F,O
1556583,M,Y
1568498,M,O
1579898,M,O
1582372,M,O
1588115,F,O
1590591,F,O
1590912,F,O
1593413,F,O
1595186,F,O
1601837,M,O
1613057,M,Y
1614079,M,O
1615430,M,O
1629261,M,Y
1630870,F,O
1631359,M,O
1633308,M,Y
1634779,M,Y
1641557,M,O
1646656,F,O
1646800,F,O
1647811,M,O
1650027,F,O
1650194,F,O
1652266,M,O
1655500,M,O
1655590,F,O
1656316,M,O
1660108,M,O
1663529,M,O
1664551,M,O
1664838,F,O
1666197,M,O
1667809,M,O
1676864,F,O
1678523,F,O
1678563,M,O
1679033,F,O
1679419,M,O
1679995,M,O
1681697,M,O
1692134,M,O
1692534,F,O
1693581,F,O
1693582,F,O
1694229,M,O
1694561,F,O
1695689,M,O
1697015,M,O
1704608,F,O
1709223,F,O
1709632,F,O
1710085,M,O
1711489,F,O
1711795,F,O
1713340,F,O
1714041,M,O
1715863,M,O
1722273,M,O
1724248,M,O
1734888,F,O
1750629,F,O
1752538,F,O
1755414,F,O
1758949,F,O
1764501,M,O
1765609,F,O
1781386,M,O
1784045,F,O
1790078,M,O
1790407,F,O
1792659,M,O
1803514,M,O
1804391,M,O
1808144,F,O
1808506,M,O
1815414,M,O
1829694,M,O
1833835,F,O
1833922,F,O
1833994,F,O
1837856,M,O
1851389,F,Y
1852370,F,O
1856757,F,Y
1860402,M,O
1863134,M,O
1863800,M,O
1867773,M,O
1869542,F,O
1872395,M,O
1875698,M,O
1877455,F,O
1878564,M,O
1880266,M,O
1888097,M,O
1888165,M,O
1890246,M,O
1891477,M,O
1904744,F,O
1907638,F,O
1907908,M,O
1908635,F,O
1911582,M,O
1921393,F,O
1921450,M,O
1923917,F,O
1925158,M,O
1929949,F,O
1931809,M,O
1940173,F,O
1941545,M,O
1947133,M,Y
1949834,F,O
1955971,F,O
1968526,M,O
1970203,F,O
1974026,M,O
1975245,M,O
1984016,M,O
2000824,F,O
2003649,M,O
2006299,M,O
2006891,M,O
2026423,M,O
2026446,M,O
2031207,M,O
2032896,M,O
2038325,F,O
2039139,M,O
2047761,M,O
2057151,F,O
2072081,F,O
2075427,M,O
2075903,M,O
2078084,M,O
2081118,M,O
2083578,F,O
900027,M,O
905051,F,O
905615,F,O
905664,F,O
910063,M,O
910637,F,O
911135,F,O
911939,F,O
913556,F,O
918288,F,O
918369,M,O
919642,M,O
924791,M,O
926526,M,O
930156,M,O
932015,M,O
933009,F,O
934458,M,O
943014,F,O
944483,M,O
946913,M,O
953487,F,O
956215,F,O
956285,M,O
964440,F,O
965818,F,O
966424,M,O
971963,F,O
975719,F,O
976699,M,O
978280,M,O
982085,M,O
987591,F,O
988230,F,O
989084,F,O
989511,M,O
992134,M,O
994438,M,Y
1010053,F,O
1014042,M,O
1016918,M,O
1019207,M,O
1019505,M,O
1021793,M,O
1025543,F,O
1025589,M,O
1025978,M,Y
1027920,M,O
1028223,M,O
1028283,M,O
1028344,M,O
1030036,F,O
1049012,M,Y
1060731,M,O
1065080,M,O
1065469,M,O
1077744,M,O
1078172,F,O
1081470,M,O
1082040,M,O
1088611,M,O
1089470,M,O
1092950,M,O
1106767,M,O
1107882,M,O
1109987,M,Y
1110126,F,O
1111636,M,O
1113687,M,O
1116576,M,O
1116925,M,Y
1120200,M,Y
1124216,F,O
1125553,F,O
1126524,M,O
1127588,F,O
1128949,M,O
1142158,M,O
1143078,M,O
1148294,F,O
1153977,F,O
1154742,F,O
1165409,F,O
1626266,M,O
1633499,M,O
1641251,F,O
1667139,F,O
1680788,F,O
1686007,M,O
1688970,M,Y
1689110,M,O
1690417,M,O
658954,F,O
1352794,M,O
1601775,F,O
1703918,M,O
1705018,F,O
1706263,F,O
1707117,M,O
1708250,F,O
1712599,M,O
1714925,F,O
1719312,F,Y
1727963,M,O
1728630,M,O
1736115,M,O
1739105,M,O
1740899,M,O
1743934,F,O
1748492,M,O
1751537,M,Y
1752605,F,O
1755669,F,O
1758131,M,O
1762365,F,O
1767021,M,O
1777935,M,O
1784089,M,O
1790492,M,O
1793889,M,O
1796664,M,O
1805992,M,O
1811304,F,O
1811874,F,O
1814178,F,O
1817365,M,O
1819029,M,O
1827369,F,O
1830533,M,O
1834990,F,O
1839945,M,O
1843146,M,O
1844824,M,O
1848581,F,O
1851293,M,Y
1855818,M,O
1857182,M,O
1859587,M,O
1875425,F,O
1876216,M,O
1878905,F,O
12300,M,O
13712,M,O
15440,F,O
26204,F,O
28875,M,O
29077,F,O
32203,M,O
33655,F,O
34009,M,O
38481,F,O
39559,M,O
43945,M,O
48379,M,O
82243,M,O
85202,F,O
87738,F,Y
96683,F,O
97539,M,O
98740,M,O
102630,M,O
125303,M,O
147209,F,O
163470,M,Y
193772,M,O
199243,M,O
201706,M,Y
231685,F,O
251181,M,O
253296,M,O
257965,F,O
259729,M,O
268063,F,O
273352,M,O
281194,M,O
298841,M,O
299056,F,O
300270,M,O
301196,M,Y
301743,F,O
309339,F,O
313175,M,O
324534,M,O
344660,M,O
353764,M,O
358627,M,O
363191,M,O
363212,M,O
380773,F,Y
386838,M,O
394504,F,O
394699,F,O
398973,M,O
421603,M,O
434151,M,O
446725,M,O
456006,F,O
456108,M,O
460890,M,O
487180,M,O
499617,M,O
515087,F,O
557522,F,O
558330,M,O
569195,M,O
574649,M,O
591724,F,O
592419,M,O
621028,M,O
646764,M,O
654885,M,O
655825,M,O
661438,M,O
667925,M,O
679495,M,O
683656,M,Y
697820,M,O
729978,F,O
730037,M,O
733561,F,O
733776,F,O
735388,M,O
736986,M,O
737992,M,O
755780,F,O
757540,F,O
763664,F,O
770329,F,O
775279,M,O
782045,F,O
786358,F,O
809478,F,O
817433,F,O
822064,M,O
824044,F,O
827018,M,O
828964,M,O
830276,F,O
830821,M,O
835754,F,O
838241,M,O
838473,M,O
841089,F,O
842727,M,O
843475,F,O
867006,F,O
870633,F,O
872165,F,O
875230,F,O
887143,M,O
891619,F,O
894864,M,O
899575,F,O
907076,F,O
917809,M,O
928374,F,O
937371,M,O
953987,M,O
954994,F,O
970054,F,O
971060,F,O
975423,F,O
981077,M,Y
982357,M,O
983636,F,O
983948,F,O
990698,M,O
991760,M,O
1002777,M,O
1012081,F,O
1013292,F,O
1034947,M,O
1039051,F,O
1042563,M,Y
1043613,M,O
1054357,M,O
1057103,F,O
1057275,F,O
1060629,F,O
1071165,M,O
1077345,M,O
1085317,F,O
1087527,M,O
1108075,M,Y
1109083,F,O
1111243,F,O
1116183,M,Y
1120250,F,O
1120280,F,O
1123281,M,O
1125286,M,O
1137505,F,O
1138374,F,O
1144681,M,O
1149558,M,O
1165977,M,O
1177174,M,O
1196065,M,O
1197672,M,O
1202013,M,O
1204870,F,O
1235524,M,Y
1240680,M,O
1245176,M,Y
1248243,M,O
1269096,F,O
1286131,M,O
1307750,M,O
1309526,F,O
1324607,F,O
1325472,F,O
1337588,M,O
1355798,F,O
1357252,F,O
1361795,M,O
1373175,F,O
1383496,F,O
1388373,M,O
1388419,F,O
1415070,M,O
1420479,M,O
1421850,M,O
1445827,F,O
1447603,M,O
1452338,M,O
1458665,F,O
1460463,M,O
1473832,F,O
1502528,M,O
1514161,F,O
1524175,M,O
1538823,M,O
1542037,M,O
1548031,M,O
1548317,F,O
1559496,M,O
1560294,F,O
1567286,F,O
1581132,F,O
1581716,M,O
1651921,M,O
1655397,M,O
1663702,M,O
1684335,M,O
1700574,F,O
1727406,M,O
1738114,M,O
1764089,M,O
1771282,M,O
1800937,F,O
1801221,M,O
1807342,F,O
1823150,F,O
1823154,M,O
1832204,M,O
1867516,M,O
1868005,M,O
1893314,F,O
1899035,M,O
1909500,M,O
1923091,F,O
1929339,F,O
1929795,M,O
1938254,M,O
1948829,M,O
1954682,M,O
1959632,M,O
1968653,F,O
1996512,M,O
2004408,M,O
2006958,F,O
2020793,M,O
2020844,M,O
2023960,F,O
2035927,M,Y
2042620,F,O
2047508,M,O
2062795,M,O
2066450,F,O
2069366,F,O
2083362,M,O
2084949,M,O
2100182,M,O
2104479,F,O
2116782,F,O
2118488,F,O
2124542,F,O
2130283,M,O
2141394,F,O
2158505,M,O
2163887,M,O
2173792,M,O
2177992,M,O
2186065,M,O
2191888,F,O
2205680,F,O
2209231,M,O
2215332,F,O
2223919,M,O
2228356,M,O
2248688,M,Y
2271132,F,O
2271264,F,O
2271480,F,Y
2275898,F,O
2285569,F,O
2289328,M,O
2293531,M,O
2309884,M,O
2312716,M,O
2319456,M,O
2319755,M,O
2337745,M,O
2343196,M,O
2344876,M,O
2348208,M,O
2368122,M,O
2373992,M,O
2376360,F,O
2389129,M,O
2393167,M,O
2399358,M,O
2424339,F,O
2425545,M,O
2435600,M,Y
2451667,F,O
2454238,M,Y
2464292,M,O
2470957,M,Y
2473744,M,O
2488454,M,O
2490057,F,O
2502647,M,Y
2503185,F,O
2512993,M,O
2519956,M,O
2541741,M,O
2545589,M,O
2565200,M,O
2568994,F,O
2578124,M,O
2582800,M,O
2584731,M,O
2588616,M,Y
2589376,F,O
1042776,M,O
1044677,F,O
1055576,M,O
1065417,F,O
1078280,F,O
1083162,M,O
1085017,M,O
1091259,M,O
1103814,M,Y
1104350,M,O
1105669,F,O
1123619,F,O
1130390,M,O
1130503,M,O
1141526,F,O
1146377,F,O
1152143,M,Y
1152484,M,O
1162140,M,O
1171648,M,O
1172617,F,O
1174556,M,O
1179036,M,O
1182790,F,O
1190938,F,O
1191177,M,O
1196766,F,O
1197398,F,O
1215187,M,O
1217895,M,O
1228148,M,O
1229321,M,O
1234947,F,O
1242519,M,O
1243266,F,O
1244944,M,O
1244968,F,O
1245741,M,O
1249749,F,O
1260997,F,Y
1272699,F,O
1278335,M,O
1283213,M,O
1291710,F,O
1490812,M,O
1494206,F,O
1500590,M,O
1502117,F,O
1512666,M,O
1513272,M,O
1519154,F,O
1527482,M,Y
1527524,M,O
1528059,F,O
1532592,M,O
1540080,F,O
1541584,M,Y
1542756,F,O
1543252,M,O
1543489,M,O
1557116,M,O
1558773,F,O
1562341,M,O
1562491,F,O
1576577,M,O
1584015,M,O
1585764,M,Y
1585855,M,O
1587079,M,O
1588221,M,O
1596142,M,O
1617035,F,O
1619402,M,O
1623041,F,O
1639204,M,O
1641098,M,O
1657758,F,O
1663984,F,O
1665629,M,O
1675201,F,O
1682462,F,O
1688928,M,O
1703504,M,O
1710286,F,O
1730333,M,O
1736481,F,O
1737899,M,O
1744238,M,O
1755571,M,O
1760449,F,O
1760995,M,Y
1761095,F,O
1779721,M,Y
1780299,M,Y
1788324,F,O
1789682,F,O
1795822,F,O
1798664,F,O
1802172,M,O
1818600,M,O
1838901,M,O
1839756,M,O
1842217,M,O
1848066,M,O
1850778,M,O
1868704,F,O
1869204,M,O
1883652,M,O
1890885,M,O
1892971,F,O
1904172,M,O
1906063,M,O
1909634,M,O
1928059,F,O
1929042,M,O
1942842,M,O
1946559,M,O
1951843,M,O
2209421,F,O
2224509,M,O
2229665,M,O
2232307,F,O
2235089,F,O
2239229,F,O
2244027,M,O
2247397,F,O
2247570,F,O
2255376,M,O
2256793,F,O
2264952,M,O
2274100,M,O
2274122,M,O
2286406,M,O
2287372,F,O
2287646,F,O
2290710,M,Y
2294436,M,O
2297322,M,O
2301568,M,O
2304788,M,O
2304942,M,O
2306797,M,O
2308323,M,O
2308541,F,O
2308559,M,O
2311620,M,O
2311756,M,O
2315040,F,O
2315088,F,O
2319047,F,O
2320369,M,O
2322999,M,O
2325531,M,O
2325591,F,O
2325683,M,O
2336411,M,O
2339985,M,O
2341996,M,O
2345880,F,O
2349361,M,O
2350487,M,O
2353017,M,O
2353569,F,O
2356070,M,O
2360244,F,O
2360726,M,O
2363111,M,O
2367765,M,O
2367787,M,O
2372913,M,Y
2379544,M,O
2381865,F,O
2383529,M,O
2386328,M,O
2389442,F,O
2391912,M,O
2392687,M,O
2394017,M,O
2396359,M,O
2397669,F,O
2398442,M,O
2399710,F,O
2405340,F,O
2411879,M,Y
2421814,F,O
2422279,M,O
2422871,M,O
2424124,M,O
2425873,M,O
2426133,M,O
2432488,M,O
2434733,F,O
2437865,M,O
2442705,F,O
2449163,M,O
2450039,F,O
2452630,M,Y
2455879,F,O
2457844,F,O
2457899,M,O
2458326,M,O
2462700,M,O
2462815,F,O
2467354,F,O
2478997,F,O
2480180,F,O
2489017,M,O
2492737,F,O
2494858,F,O
2497630,F,O
2501202,M,O
2503743,F,O
2504245,M,O
2515601,F,O
2520892,F,O
2533131,M,O
2534183,M,O
2542815,M,O
99324,M,O
623283,M,O
786056,M,O
852862,M,O
2199961,M,Y
882502,M,O
1403950,M,Y
1409147,M,O
1415354,M,O
1423284,M,O
1423671,M,O
1424730,M,O
1430260,M,O
1439811,M,Y
1447723,M,O
1451567,F,O
1468263,F,O
1472631,M,O
1477846,F,O
1507834,M,O
1516517,M,O
1518976,F,O
1523468,M,O
1529947,M,O
1541599,M,O
1573627,M,O
1575581,M,O
1594211,F,O
1601198,M,O
1626109,M,O
1626232,F,O
1626609,M,O
1629945,M,O
1633808,F,O
1647253,F,O
1660452,M,O
1671541,F,O
1688108,M,O
1693923,M,O
1695903,F,O
1696408,M,O
1702632,F,O
1708918,M,Y
1716387,M,O
1726453,M,O
1762748,M,O
1771894,M,O
1777799,F,O
1788614,M,O
1819760,M,O
1838550,M,O
1865206,M,Y
1925053,F,O
1929123,F,O
1931226,M,O
1933952,F,O
1938084,M,Y
1939702,M,O
1948273,M,O
1950023,F,O
1960153,F,O
1968608,M,O
1973047,M,O
1974182,M,O
1979352,M,O
1982324,M,O
1986587,F,O
1996570,M,O
1998311,F,O
1998824,F,Y
2000387,M,O
2005087,M,O
2009704,M,O
2012806,M,O
2032666,M,O
2033148,F,O
2033584,F,O
2036907,M,O
2037247,F,O
2041391,F,O
2043288,M,O
2054694,M,O
2063782,F,O
2066373,M,O
2068966,F,O
2073506,F,O
2074625,M,O
2078646,M,O
2079071,M,O
2079626,M,O
2090438,M,O
2106863,M,O
2125921,M,O
2145919,M,O
2149585,M,O
2152963,M,O
2157410,M,O
2162306,F,O
2162492,M,O
2165750,F,O
2166993,M,O
2178925,M,O
2179169,M,O
2185195,M,O
2195390,M,O
2198967,M,O
2200728,M,O
2205223,M,O
2210774,M,O
2212142,M,O
2213950,M,Y
2220519,F,O
2228051,M,O
2232376,M,O
2250268,F,O
2258148,M,O
2260256,F,O
2285014,F,O
2298062,M,O
2298802,M,Y
2299467,M,O
2308670,M,O
2317122,M,O
2325222,M,O
2326544,F,O
2329171,M,O
2339481,F,O
2340307,F,O
2341255,M,O
2341616,F,O
2350098,F,O
2361549,F,O
2372999,M,O
2380518,M,O
2389281,M,O
2389289,M,O
2393826,M,O
2398149,F,O
2403785,F,O
2406206,F,O
2417286,M,O
2425836,M,O
2429633,M,O
2432452,F,O
2438133,F,O
2441370,M,O
2442010,M,O
2449570,M,O
2452752,M,O
2453997,F,O
2466126,M,O
2469623,M,O
2473959,M,O
2479659,F,O
2483694,F,O
2491856,F,O
2494951,M,O
2497754,F,O
2509381,F,O
2513150,M,O
2515723,M,O
2516037,F,O
2516045,F,O
2547549,F,Y
2548001,M,Y
2549496,M,O
2549958,M,Y
2553982,M,O
2556996,M,O
2567638,M,O
2578254,F,O
2578660,F,O
2587357,M,O
2217179,M,O
2453449,M,O
2455429,M,O
2479258,F,O
2483639,M,O
2486279,M,O
2489482,M,Y
2496149,M,O
2503764,M,O
2505719,M,O
2511315,M,O
2516757,M,O
2519997,M,O
2526832,M,O
2531923,M,O
2537045,M,O
2549666,F,O
2549809,M,Y
2550611,M,O
2552077,M,O
2566093,M,O
2569014,F,O
2571253,M,O
337893,M,O
510054,M,O
640207,M,O
809182,M,O
830461,M,O
1350608,M,O
1499358,M,O
2345213,F,O
2354253,F,O
2354479,M,O
2355695,M,Y
2358075,F,O
2358749,M,O
2361637,F,O
2365041,F,O
2365628,M,O
2371184,F,O
2371548,M,O
2371786,M,O
2377155,M,O
2383803,M,O
2395237,M,O
2401975,M,O
2401999,M,O
2405193,F,O
2422477,M,O
2426232,F,O
2429850,F,O
2443419,F,O
2457752,M,O
2460233,F,O
2460550,M,O
2471885,F,O
2472414,M,O
2482798,F,O
2487229,M,O
2494479,M,O
2505525,F,O
2508154,F,O
2509477,M,O
2513869,M,O
2535257,M,O
2537716,F,O
2545002,F,O
2546938,M,O
2551926,F,O
2554344,M,O
2556607,M,O
2559826,F,O
2561695,F,O
2564177,M,O
2565691,M,O
2565998,M,O
2579136,M,O
2584579,F,O
2589903,F,O
513258,M,O
553977,M,Y
563120,F,O
563802,F,O
571626,M,O
623902,M,O
627283,M,O
629056,F,O
645150,M,O
650374,F,O
650486,F,O
651836,F,O
658335,M,O
691165,F,O
701311,M,O
701468,M,O
709964,M,O
718625,M,O
719212,F,O
723136,M,O
724501,M,O
724947,F,O
736611,F,O
740016,M,Y
740289,F,O
754436,M,O
759318,M,O
776088,M,O
780434,M,O
787318,M,Y
794261,M,O
796638,M,O
814876,F,O
836202,F,O
836849,F,O
849877,M,O
863459,M,O
864742,M,O
873580,M,O
877471,F,O
898298,M,O
899369,M,O
921097,M,O
934638,M,O
939222,F,O
939769,M,O
950383,M,O
952481,M,O
976691,F,O
984177,M,O
996259,M,O
1014539,F,O
1017358,F,O
1020618,M,Y
1027725,F,Y
1032351,M,O
1033411,M,O
1039043,F,O
1047196,M,O
1052553,M,O
1056052,F,Y
1057560,F,O
1058940,M,O
1059714,M,O
1065211,M,O
1069795,M,Y
1078270,M,Y
1088557,M,O
1098909,F,O
1130040,M,O
1141619,M,O
1152651,M,O
1173214,M,O
1173322,M,O
1179760,F,O
1195710,M,O
1199570,M,O
1200137,M,O
1200503,M,O
1221170,M,O
1221791,F,O
1225067,F,O
1226141,F,O
1246931,M,O
1257812,M,O
1275494,M,O
1297736,M,O
1298296,M,Y
1298932,F,O
1303359,M,O
1307148,M,O
1317134,F,O
1319293,F,O
1324613,F,O
1335654,F,O
1348033,M,O
1366280,M,O
1377618,M,O
1402040,M,O
1415699,M,Y
1415929,M,O
1416010,M,O
1417878,M,O
1451801,F,O
1460908,M,O
1465577,M,O
1465917,M,O
1478869,M,O
1508737,M,O
1508852,F,Y
1526127,M,O
1530912,F,O
1534405,M,O
1538332,M,O
1542679,F,O
1545489,M,O
1569904,F,O
1599584,M,O
1620385,M,Y
1642259,F,O
1648033,F,O
1671241,M,O
1695613,F,O
1704663,F,O
1707376,M,Y
1743457,M,O
1775185,M,O
1805421,F,O
1808480,M,O
1813514,M,O
1818159,F,O
1819801,F,O
1832963,M,O
1852373,F,O
1865694,F,O
1876255,M,O
1914279,F,O
1930717,M,O
1941082,M,O
1943676,F,O
1963310,F,O
1976801,M,O
1983756,F,O
1987451,M,O
1987565,M,O
2015737,M,O
2021170,F,O
2051098,F,O
2097678,M,O
2105247,M,O
2106658,M,O
2111010,F,O
2128703,M,Y
259377,M,O
279849,M,O
280932,F,O
309842,M,O
368612,M,O
378088,F,O
384661,M,O
394083,F,O
489219,F,O
516155,F,O
561638,M,O
622160,M,O
661861,F,O
708486,M,O
844887,M,O
867430,F,O
885751,M,O
901486,M,O
938463,M,O
942061,F,O
980079,F,O
986829,M,Y
1034203,F,O
1035757,M,O
1064136,M,O
1085294,F,O
1112709,F,O
1115922,F,O
1150424,M,O
1156398,M,O
1164284,F,Y
1196919,F,O
1202961,F,O
1218126,M,O
1229129,F,O
1240555,M,O
1244865,M,Y
1376048,M,Y
1439523,M,O
1456122,F,O
1478850,M,O
1484878,M,O
1496319,F,O
1546549,F,O
1556594,M,O
1685163,M,Y
1716798,M,O
1738199,M,Y
1786646,M,O
1787665,M,O
1893867,M,Y
1974545,M,O
2014442,M,O
2020518,F,O
2058918,F,O
2587637,F,O
2242653,F,O
2251111,F,O
2267563,M,O
2268235,M,O
2332062,M,O
2357506,F,O
2416659,M,O
2457064,M,Y
2474336,F,O
2495774,M,O
2498261,M,O
2521374,M,O
2552525,M,O
2558830,F,O
615279,M,O
615509,M,O
619509,M,O
625565,M,Y
628771,F,O
630270,M,O
632517,F,O
634025,M,O
637483,F,O
661858,M,O
664801,M,O
669441,M,O
672770,F,O
673078,M,O
675900,F,O
676684,M,O
680985,F,O
683228,M,O
691305,M,O
692694,M,Y
694824,F,O
694844,F,O
718129,F,O
720274,M,O
725980,M,Y
726065,F,O
728216,M,O
730436,F,O
733055,F,O
738056,M,O
741829,F,O
752635,M,O
758881,M,O
763293,M,O
764880,F,O
772145,F,O
772567,F,O
774999,M,O
776412,F,O
780494,M,O
797516,M,O
806698,M,O
809612,F,O
811299,F,O
816091,F,O
818780,F,O
819217,F,O
819427,M,O
820341,F,O
827634,M,O
828135,F,O
828174,M,O
830291,F,O
830520,M,O
831254,F,O
836870,M,O
838259,F,O
845534,M,O
846730,M,O
855121,M,O
858849,F,O
862297,M,O
864659,M,O
866167,F,O
868448,M,O
874176,F,O
883957,M,O
891019,M,Y
892719,F,O
894193,F,O
895635,F,O
906875,F,O
911386,F,O
913221,M,O
915469,M,O
916978,F,O
927076,M,O
933351,M,O
936261,F,O
936536,M,O
937483,F,O
937778,M,O
939075,M,O
943833,F,O
946255,M,O
946265,F,O
946945,M,O
949612,M,Y
953307,M,O
959112,M,O
960556,M,O
964113,F,O
984784,M,O
988164,M,O
993971,F,O
997989,M,O
1000072,M,O
1001155,M,O
1010534,M,O
1011811,M,O
1012465,M,O
1014579,M,O
1020639,M,O
1020700,M,O
1029077,M,O
1030200,F,O
1030423,F,O
1035273,M,O
1041489,M,O
1043730,F,O
1044920,F,O
1046241,M,Y
1050097,M,O
1062206,F,O
1067975,M,O
1068104,M,O
1069557,M,O
1075437,M,O
1087338,M,O
1092638,M,O
1099847,M,O
1119234,M,O
1119786,F,O
1132421,F,O
1136501,F,O
1146511,M,O
1147933,F,O
1148368,M,O
1177899,M,O
1178977,M,O
1180540,M,O
1180581,F,Y
1180654,M,O
1189564,F,O
1197561,M,O
1200378,M,O
1205742,F,O
1206265,M,O
1222641,M,O
1235835,M,O
1241835,M,O
1242649,M,O
1249118,F,O
1251946,M,O
1267774,M,O
1277339,M,O
1292014,F,O
1299293,F,O
1311099,M,O
1318366,M,O
1319812,F,O
1324655,F,Y
1327826,M,O
1328787,M,O
1330780,M,O
1331065,F,O
1340020,F,O
1340802,M,O
1346843,M,O
1350151,M,O
1351540,F,O
1354974,M,O
1356982,F,O
1358341,M,O
1361052,M,O
1363606,M,O
1367809,M,O
1368245,M,O
1371345,M,O
1371766,F,O
1386605,M,O
1394061,M,O
1398763,M,O
1405065,M,O
1406118,M,O
1419113,M,Y
1425107,M,O
1425521,M,O
1428223,F,O
1434390,M,O
1441387,M,O
1449143,M,O
1481369,F,O
1499924,F,O
1503302,F,O
1505179,M,O
1509735,M,O
1516141,M,O
1520203,F,Y
1521026,M,O
1527613,F,O
1532506,F,O
1536635,F,O
439233,M,O
445641,F,O
447177,M,O
449719,F,O
457763,F,O
459132,F,O
459776,M,O
468390,M,O
475094,F,O
477301,M,O
482412,F,O
485486,F,O
491290,F,O
494370,M,O
500237,M,O
507696,F,O
529591,M,O
537490,F,O
539866,M,O
540637,M,O
543111,M,O
545216,F,O
547236,F,O
558732,M,O
562130,M,O
564675,M,Y
567044,M,O
571466,F,O
588854,M,O
590282,M,O
595767,M,O
596172,F,O
606529,F,O
609907,M,O
628025,M,O
662675,F,O
673109,M,O
673296,M,O
686748,F,O
698816,M,O
700565,F,O
704336,M,O
705349,M,O
707762,M,O
710368,M,O
713460,F,O
717711,M,O
722262,F,O
732614,M,O
736746,M,O
746751,M,Y
752026,M,O
765287,M,O
766125,F,O
777914,M,Y
778993,M,O
783968,M,O
784863,M,O
788011,F,O
788911,F,O
793203,M,O
795049,F,O
798481,M,O
815094,M,O
816018,M,O
827818,M,O
829890,F,O
837256,M,O
840559,M,Y
845070,M,O
849049,M,O
850355,F,O
859765,M,O
861776,M,Y
866640,M,Y
868344,M,O
879301,F,O
882348,M,O
882618,F,O
884158,M,O
892064,M,O
897670,M,O
904764,F,O
911850,M,O
913526,M,O
930794,M,O
932178,F,Y
938168,F,O
938773,F,O
946796,M,O
949190,M,O
950981,F,O
966075,M,O
971528,F,O
982716,M,O
994110,M,O
1011639,M,O
1011902,M,O
1025407,F,O
1029001,M,O
1036611,F,O
1037846,M,O
1040689,M,O
1046532,F,O
1049604,M,O
1049939,M,O
1052258,F,O
1057493,F,O
1062036,M,O
1067779,M,O
1068538,M,O
1090190,F,O
1093280,F,O
1102989,F,Y
1110855,M,O
1128328,M,Y
1139577,M,O
1149135,F,O
1152661,M,O
1181677,M,O
1201198,F,O
1209456,F,O
1220291,M,O
1220316,M,O
1241498,M,O
1243119,F,O
1249359,M,O
1257971,M,O
1286901,F,O
1294325,M,O
1301624,M,O
1306266,F,O
1313416,F,O
1328269,F,O
1339202,F,O
1347241,F,O
1347823,F,O
1354521,F,O
1358752,F,O
1370087,M,O
1373021,F,O
1379558,F,O
1383437,F,O
1390762,F,O
1398437,M,O
1401626,F,O
1406686,M,O
1413669,F,O
1426284,M,O
1431130,M,O
1444666,F,O
1449514,M,O
1460455,F,O
1467351,M,O
1474289,M,O
1485524,M,Y
1508711,F,O
1511494,F,O
1519928,F,O
1521421,M,O
1532076,M,O
1533523,M,O
1533964,M,O
1546760,F,O
1549023,M,O
1570573,F,O
1572823,M,O
1583095,M,O
1583108,F,O
1583999,M,O
1587950,M,O
1591024,F,O
1595109,F,O
1607830,F,O
1619895,M,Y
1624679,M,O
1634506,F,O
1646234,M,O
1669456,M,O
1671746,M,O
1672422,M,O
1675099,F,O
1678568,F,O
1691792,F,Y
1726156,M,Y
1749723,M,Y
1758874,M,O
1772540,F,O
1783730,M,O
1784899,M,O
1788235,F,O
1796915,F,O
1797024,M,Y
1831073,M,O
1832999,F,O
1844515,F,O
1853183,M,O
1856759,M,O
1862195,M,O
1864076,F,O
1869753,F,O
1879792,M,O
1884054,F,O
1905080,M,O
1905942,M,O
1907353,M,O
1914791,F,O
1921445,F,O
1922733,M,O
1949339,F,O
1952048,F,O
1953605,M,O
1958153,M,O
1958353,M,O
1961717,F,O
1975707,F,O
1994626,M,O
1998457,M,O
2000728,F,O
2011752,M,O
2015202,M,O
2018245,M,O
2021480,M,O
2030383,F,O
2032359,F,O
2034496,F,O
2041653,M,O
2057474,F,O
2070389,F,O
2074160,M,O
2076272,M,O
2084504,M,O
2085995,M,O
2088682,F,O
2088744,M,O
2089067,M,O
2094502,F,O
2095572,M,O
2098117,F,O
2104119,F,O
2107266,F,O
2129752,M,O
2132954,M,O
2133966,F,O
2060698,M,Y
2060870,F,O
2094353,M,Y
2094662,F,O
2105329,M,O
2106222,M,O
2117125,F,O
2127220,F,O
2133225,M,O
2136241,M,O
2148722,F,O
2168938,M,O
2169432,F,O
2174392,F,O
2189200,M,O
2196364,M,O
2197314,M,O
2205416,M,O
2212062,M,O
2234421,M,Y
2252934,M,O
2260436,F,O
2261266,M,O
2286830,M,O
2314798,F,O
2315323,M,O
2338493,M,O
2345185,F,O
2347301,M,O
2354035,F,O
2356661,F,O
2361139,F,O
2365568,M,O
2371651,M,O
2375086,M,O
2392626,M,O
2396749,M,O
2404091,F,O
2424443,M,O
2444051,M,Y
2449642,M,Y
2452445,F,O
2478400,F,O
561670,F,O
561765,M,O
561848,F,O
567086,M,O
569207,M,O
579125,F,O
586726,F,O
606409,M,O
641288,M,O
661744,F,O
667343,M,Y
668197,M,Y
668252,M,O
669350,M,O
681682,F,O
692243,M,O
695085,F,O
716105,M,O
717102,M,O
719507,M,O
724777,M,O
729634,M,O
733340,F,O
734901,M,O
741301,M,O
741961,F,O
744045,F,O
745098,M,O
747692,M,O
774080,F,O
783482,M,O
788731,M,O
798074,M,O
807305,M,O
826165,F,O
835536,F,O
837213,M,O
843200,M,O
846552,F,O
852233,F,O
856393,F,O
856406,M,O
858216,F,O
867075,M,O
871438,F,O
918693,M,O
930178,M,Y
934234,M,O
936595,M,Y
942453,F,O
943037,M,Y
943712,F,O
947502,M,O
947734,F,O
972335,M,O
973129,M,O
976238,M,O
1004121,F,O
1007479,M,O
1019599,M,O
1024791,F,O
692748,M,O
692867,M,O
696153,F,O
716860,M,O
719571,M,O
722109,F,O
724938,M,O
746617,F,O
765215,F,O
766031,M,O
768943,F,O
769177,M,O
775100,F,O
776652,F,O
785581,M,O
791098,F,O
792940,F,O
794028,M,O
799160,M,O
812065,M,Y
815133,M,O
817655,M,O
822105,F,O
15027,M,O
18806,M,O
27132,M,O
27830,M,Y
33801,F,O
41640,M,O
48070,M,O
49052,M,Y
55796,M,O
63543,F,O
74067,F,O
91901,F,O
93458,M,O
94901,F,O
104986,F,O
113484,M,O
122930,M,O
125764,F,O
131364,M,O
132664,M,O
136940,F,O
138717,F,O
139154,M,Y
147518,M,O
161027,M,O
167584,M,O
170305,M,O
181660,M,O
189175,F,O
189867,F,O
192789,M,Y
197009,M,O
201318,M,Y
205247,M,O
208525,F,O
209509,M,O
212956,F,O
222190,F,O
224982,F,O
228140,M,Y
241974,M,O
243074,M,O
251240,M,O
253590,M,O
256208,F,O
258671,F,O
264793,F,O
1822774,M,O
1837137,M,Y
1837481,M,O
1869274,M,O
1870178,M,O
1872267,F,Y
1873253,F,O
1883252,F,O
1885226,M,O
1886988,M,O
1895924,M,O
1896113,M,O
1909714,M,O
1921107,M,O
1927174,F,O
1941188,M,O
1943342,F,O
1953173,M,O
1988202,F,O
2002726,M,O
2013007,M,O
2022140,F,O
2025242,M,O
2026175,M,Y
2036418,M,Y
2037896,M,O
2046647,M,O
2049562,F,O
2053089,M,O
2053619,F,O
2056573,F,O
2059131,M,O
2064892,M,O
2067639,F,O
2078842,M,O
2097231,F,O
2100598,F,O
2106085,F,O
2106244,M,O
2114845,F,O
2116386,M,O
2117332,F,O
2123902,M,O
2140093,M,O
2140324,M,O
2148281,F,O
2152632,F,O
2152817,M,O
2156634,M,O
2159369,M,O
2162938,F,O
2168310,M,O
2172781,F,O
2172846,M,O
2173590,F,O
2179644,F,O
2181493,M,O
2183457,F,O
2211874,M,O
2213271,M,O
2221808,F,O
270391,M,O
272815,M,O
273015,M,O
289491,F,O
293390,F,O
298702,M,O
299318,M,Y
303462,M,O
304883,F,O
307008,M,O
318372,F,O
323851,M,Y
327898,M,O
328214,M,O
336383,M,O
340015,M,O
340395,F,O
346695,F,Y
349890,M,O
367980,M,O
368272,M,O
391250,M,O
401418,M,O
410016,F,O
417916,M,O
424822,M,O
16475,M,O
21396,M,O
23550,F,O
23643,M,O
26579,M,O
26992,M,O
35485,M,O
35638,F,O
40977,M,O
41673,M,O
47360,F,O
48737,M,O
49303,F,O
56360,M,O
57414,M,O
57807,F,O
59217,M,O
72341,M,O
74049,M,O
75904,M,O
81053,F,O
82758,M,O
85497,M,O
87844,M,O
90887,M,O
98678,F,O
100637,F,O
104945,F,O
105010,M,O
112566,M,O
115538,M,O
116747,M,O
117116,F,O
123385,F,O
123453,M,O
126721,M,O
135044,M,Y
135296,M,O
144306,M,O
146360,F,O
147834,F,O
152775,M,O
154767,F,O
155444,F,O
159631,F,O
159643,F,O
170706,F,O
171153,M,O
172303,M,O
181745,M,O
183658,M,O
190969,F,O
192426,M,O
193451,M,O
197136,F,O
200012,F,O
202831,F,Y
206050,M,O
210657,F,O
214811,F,O
225871,M,O
227151,F,O
229376,M,O
229861,M,O
233505,F,O
236436,M,O
247018,F,O
247250,M,O
249067,M,O
260143,M,O
268450,M,O
269506,F,O
274279,F,O
280331,M,O
290214,F,O
291564,M,O
294897,M,O
297337,M,O
300172,F,O
300437,F,O
306596,F,O
307847,M,O
314688,M,O
324240,F,O
324245,F,O
334752,M,Y
348242,M,O
350684,F,O
358593,M,Y
365911,M,O
371395,F,O
372929,F,O
374698,F,O
377962,M,O
382585,F,O
1398566,F,O
2579225,M,O
1919604,M,O
2107723,F,Y
1779913,F,O
1787467,M,O
1798486,F,O
1806329,F,O
1822971,M,O
1825836,F,O
1831710,F,O
1836904,F,O
1843577,M,O
1850156,M,O
1856349,M,O
1857261,M,Y
1869091,F,O
1872634,M,O
1875680,F,O
1879753,M,O
1897320,M,O
1901007,F,O
1902246,M,O
1908718,F,O
1913906,M,O
1921981,M,O
1939982,M,O
1950466,M,O
1962258,M,O
1969347,M,O
1970182,M,O
1972207,F,O
1981193,M,O
1985718,M,O
1985737,F,O
1988459,F,O
2007339,M,O
2008504,F,O
2021865,F,O
1560698,M,O
1569857,M,O
1574943,F,O
1577792,F,O
1588639,M,O
1591532,M,O
1602028,F,O
1607360,F,O
1617778,M,O
1625220,M,O
1626552,M,O
1636820,M,O
1641883,M,O
1650639,F,O
1651542,M,O
1673396,M,O
1678915,M,Y
1692367,M,O
1704109,F,O
1719034,F,O
1752104,M,Y
1757356,F,O
1760832,M,O
1777488,F,O
1796458,M,O
1803673,M,O
1837562,M,O
1842025,M,Y
1844064,M,O
1848268,M,O
1852584,M,O
1857971,M,O
1873596,M,O
824650,F,O
828552,F,O
845340,F,O
850824,F,O
851720,M,O
867721,M,O
882075,M,Y
888592,M,O
897471,M,O
900250,M,O
903901,M,O
908222,M,O
930347,M,O
942537,M,O
944688,F,O
952665,M,O
960145,F,O
962970,M,O
965873,M,O
966121,M,O
971029,M,O
976972,M,O
983446,F,O
999606,F,O
1002765,M,O
1024594,M,O
1035131,M,O
1038229,F,O
1046938,M,O
1050660,F,O
1056203,M,O
1058811,M,O
1072152,F,O
1075466,M,O
740568,M,O
811609,M,O
1219490,F,O
1889444,M,O
10237,F,O
25984,F,O
26892,F,O
28533,M,O
28838,M,O
31972,M,O
34321,M,O
40373,M,O
41992,M,O
51944,F,O
54703,F,O
55096,M,Y
56266,M,O
63167,M,Y
73239,F,O
74768,M,O
83821,M,O
84779,M,Y
93614,F,O
95125,M,O
107262,F,O
114798,M,O
129616,F,O
141999,M,O
143856,M,O
677274,M,O
683845,M,O
692906,F,O
697742,F,O
701559,M,O
710552,M,Y
719813,M,O
733358,M,O
738063,M,O
740222,F,O
746722,F,O
747815,M,O
755967,M,O
763784,F,Y
778269,F,O
784381,F,Y
788448,F,O
795168,M,O
800882,F,O
806033,M,O
820038,M,O
820129,M,O
820960,F,O
822849,F,O
823962,F,O
148123,F,O
155036,F,O
155205,M,O
155449,F,O
155459,M,O
155634,F,O
832699,F,O
844421,M,O
850555,M,O
851419,M,Y
851520,M,O
861161,F,Y
883079,M,O
884793,F,O
898154,M,Y
906165,M,O
915169,M,O
916169,M,O
1266983,F,O
1282456,F,O
1283141,M,O
1286686,M,O
1290834,F,O
1304574,F,O
1309859,M,O
1313869,F,O
1318141,F,O
1320890,M,O
1332562,F,O
1335915,M,O
1352985,F,O
1360806,F,O
1370528,F,O
1381546,F,O
1384495,M,O
1393038,M,O
1393897,F,O
1394067,M,O
1394367,F,O
1399866,M,O
1404310,M,O
1414552,F,O
1425640,M,O
1425988,M,O
1426317,M,O
1438105,F,O
1438946,F,O
1441362,M,O
1445380,F,O
1446011,M,O
1456034,M,O
1459159,M,O
1459264,M,O
1460316,M,O
1462283,M,O
1463872,M,O
1467517,M,O
1474356,M,O
1480677,F,O
1481544,F,O
1485743,F,O
1486322,M,O
1491169,F,O
1494385,M,O
1496169,M,O
1496534,M,O
1498126,F,O
1507119,F,O
1508036,F,O
1508279,M,O
1514795,M,Y
1516944,F,O
1526872,F,O
1532406,F,O
1535560,F,O
1541205,M,O
1556170,F,O
1556592,F,O
1559157,M,O
1561789,M,O
1565079,F,O
1572414,F,O
1572519,M,O
1589916,F,O
1595252,M,O
1597489,F,O
1617817,F,O
1141550,M,Y
1370812,M,O
1372118,M,O
1372273,M,O
1376786,M,O
1380837,F,O
1387389,M,O
1393769,M,Y
1396027,M,O
1397201,M,O
1399661,M,O
1414214,F,O
1416229,M,O
1420086,F,O
1438139,M,O
1442466,M,O
1450030,F,O
1451276,M,O
1452319,F,O
1477350,M,O
1484825,F,O
1492133,F,O
1500694,F,O
1505156,F,O
1512753,M,O
1525635,F,O
1535928,M,Y
1537281,F,O
1537964,M,O
1543634,M,O
1549489,F,O
1550343,M,O
1557783,F,O
1559216,M,O
1562040,F,O
1562123,M,O
1570399,M,Y
1571478,M,O
1579419,M,O
1584284,F,O
1584657,M,O
1592043,F,O
1612710,F,O
1614894,M,O
1618643,M,O
1623428,M,O
1626445,F,O
1631577,M,O
1636811,F,O
1640163,F,O
1654066,M,Y
1658813,F,O
1677451,M,O
1677788,F,O
1691826,M,O
1720509,M,O
1725321,M,O
1737853,M,O
1748365,M,O
1752464,M,O
1754797,M,O
1757304,M,O
1766468,F,O
1770678,M,O
1774870,F,O
1777908,M,O
1785892,F,O
1785893,M,Y
1796879,F,O
1813536,F,O
2483127,F,O
2486057,M,O
2496961,M,O
2502005,M,O
2506433,M,O
2512671,M,O
2518497,M,O
2520945,F,O
2536163,F,O
2538283,M,O
2540834,F,O
2541856,M,O
2545449,M,O
2547414,F,O
2551578,F,O
2560587,M,O
2571125,F,O
2581935,M,O
2588720,M,O
2590381,M,O
1818888,M,O
1843107,M,O
1848484,M,Y
1849181,F,O
1850107,F,O
1851085,M,O
1864459,M,O
1881976,M,Y
1894862,F,O
1895350,M,O
1904966,F,O
1908576,M,O
1912960,F,O
1924659,F,Y
1927388,M,O
1936163,M,O
1942822,M,O
1948394,M,O
1959241,F,O
1973385,M,O
1983032,F,Y
1984734,F,O
1988216,F,O
1989010,M,O
1989752,F,O
1991420,M,O
1998896,M,O
2017117,M,O
2034085,M,Y
2042371,M,Y
2046952,F,O
2049798,M,O
2052803,M,O
2053529,M,O
1816767,M,O
1859567,F,O
1874692,F,O
1877505,F,O
1881252,M,O
1897910,M,O
1898964,M,O
1908095,M,O
1925067,F,O
1937854,F,O
1951449,M,O
1977477,F,O
1987789,F,O
1989353,M,O
1990957,M,O
1991806,M,O
1991975,F,O
1997238,M,O
2000103,M,Y
2001194,F,O
2007557,M,O
2012952,F,O
2020637,M,O
2024933,M,O
2033490,M,O
2042413,M,O
2048396,F,O
2054503,M,O
2055763,M,O
2063903,F,O
2072125,F,O
2086500,M,O
2088828,F,O
2095237,F,O
2097189,F,O
2115026,M,O
2116624,M,O
2129184,M,O
2139505,M,O
2141508,M,O
2144302,M,O
2174327,M,O
2186073,M,O
2208200,M,O
2209798,M,O
2213409,F,O
2215634,M,O
2217138,M,O
2432435,M,O
2433861,F,O
2435357,M,O
2435496,M,O
2437188,M,O
2445654,M,O
2447470,M,O
2447591,F,O
2459010,M,O
2459292,F,O
2467201,F,O
2476146,F,O
2476518,M,O
2481089,M,O
2484201,M,O
2487509,F,O
2494010,M,O
2501399,M,O
2509813,M,O
2513873,M,O
2514732,F,O
2514853,M,O
2517749,M,O
2530495,F,O
2542409,F,O
1731167,M,O
1742017,M,O
1743139,M,Y
1752170,M,O
1810851,F,O
1815866,M,O
1842367,F,O
1848131,F,O
1872649,M,O
1900937,F,O
1920664,M,O
1936539,M,O
1943633,M,Y
1972951,F,O
1991587,F,O
1995523,F,Y
2007071,F,O
2007904,M,O
2023768,M,Y
2025288,F,O
2286021,M,O
2287025,M,O
2289615,M,O
2303332,M,O
2307012,M,O
2316897,M,O
2318664,F,O
2326896,M,O
2340375,M,O
2343752,M,O
2345115,M,O
2350045,F,O
2353574,M,O
2354575,F,O
2361901,M,O
2368194,F,O
2373551,F,O
2388371,M,O
2394290,M,O
2402512,M,O
2411090,M,O
2416797,M,O
2439759,M,O
2440524,M,O
2444299,F,O
2458905,M,O
2468334,M,Y
2469924,M,O
2488898,F,O
2495204,F,O
2498101,M,O
2509939,M,Y
2512287,M,O
2512517,F,O
2514240,M,O
2518636,M,O
2531260,M,O
2532688,F,O
2535721,M,O
2536267,F,O
2541454,F,O
2541488,F,O
2543418,M,O
2545283,M,O
2548004,M,O
2549451,F,O
2551946,F,O
2557148,F,O
2561221,M,O
2561516,M,O
2564750,M,O
2574392,F,O
2575616,M,O
2576529,M,O
2576661,F,O
2577160,M,O
1830390,F,O
1832502,M,O
1844756,F,O
1875167,F,O
1889266,M,O
1893892,F,O
1910063,M,Y
1913226,M,O
1916664,F,O
1925802,F,O
1929160,M,O
1930250,M,O
1941648,M,Y
1962059,F,O
1974818,F,O
1986597,M,O
1992904,M,O
2003748,M,O
2007207,F,O
2018354,F,O
2045856,M,O
2054513,M,Y
2066953,M,O
2072737,M,O
2075878,M,O
2083430,M,Y
2085666,F,O
2091980,F,O
2095086,M,O
2106177,M,O
2477041,M,O
2482743,M,Y
2493593,M,O
2496601,F,O
2520056,M,O
2522379,F,O
2526684,F,O
2535348,M,O
2545130,F,O
2547084,M,O
2555448,F,O
2570691,M,O
2582069,M,O
2590004,M,O
741850,F,O
749837,M,O
753880,M,O
757341,M,O
764018,M,Y
764975,M,O
783501,F,O
799308,M,Y
801088,M,O
804824,F,O
809501,M,O
809745,M,O
811987,F,O
814076,M,O
814235,M,O
819545,F,O
821808,F,O
822628,M,O
825801,M,Y
827416,M,O
828701,F,O
829125,F,O
834707,M,O
836873,F,O
837903,M,O
839572,M,O
840191,M,O
844329,M,O
845236,M,O
847716,M,Y
853411,M,O
854575,M,O
859698,M,O
860005,M,O
866223,F,O
872967,F,O
880496,M,O
881763,F,O
885732,M,O
893138,F,O
899219,F,O
900362,M,O
901120,M,O
901302,F,O
906103,F,O
909774,M,O
916263,F,O
916415,M,O
920999,F,O
923938,F,O
926180,M,O
927770,M,O
930358,M,O
935436,M,O
942773,M,O
943143,M,O
945518,M,O
951185,M,O
957540,F,O
961507,M,O
964120,M,O
966405,M,O
977385,F,O
978172,M,O
981795,F,O
989733,F,O
992364,M,O
996015,F,O
996402,M,O
998734,M,O
1002317,M,O
1004923,M,O
1007196,M,O
1014880,M,O
1016213,M,O
1025768,F,O
1029146,F,O
1031964,M,O
1035751,F,O
1035921,M,O
1041963,M,O
1043281,F,O
1060787,M,O
1062640,F,O
1063918,M,O
1080429,M,O
1084716,M,O
1087884,F,O
1111258,M,Y
1115354,M,O
1124011,M,O
1139417,M,O
1139857,M,O
1148402,M,O
1166007,M,O
1168256,F,O
1185487,F,O
1197546,M,O
1213456,M,O
1215735,M,O
1015277,M,O
1021798,M,O
1023248,F,O
1025145,M,O
1030591,M,O
1220727,F,O
1230713,F,O
1243330,M,O
1252312,M,O
1252630,F,O
1259637,M,O
1260524,F,O
1262758,M,O
1274465,M,O
1283317,M,O
1286152,M,O
1293723,M,O
1297880,M,O
1314753,F,O
1327182,M,O
1328736,M,O
1342012,M,O
1363630,M,O
1364876,M,O
1375023,F,O
1381865,F,O
1386431,M,O
1421585,M,O
1431040,M,O
1462441,M,O
1476202,M,O
1477019,F,O
806790,M,O
1273752,M,O
1598848,F,Y
2138151,M,O
1427780,F,O
1461223,F,O
1463990,F,O
1506372,M,O
1521473,F,O
1566996,M,O
1587188,M,O
1598568,M,O
1612838,M,O
1628555,F,O
1637429,M,O
1644521,M,O
1657109,M,O
1665127,M,O
1672265,M,Y
1719236,M,O
1730736,M,O
1749922,M,O
1750064,M,Y
1764456,M,O
1780289,F,O
1781127,M,O
1807783,F,O
1808826,F,O
1811901,F,O
1828417,M,O
1863849,M,O
1864388,M,O
1919808,M,O
1953556,F,O
1955207,M,O
1962448,F,O
1965120,M,O
1973135,M,O
1990101,M,O
1994598,M,O
1996106,F,O
2127301,M,O
2132451,M,O
2132488,M,O
2134046,F,O
2135773,F,O
2142086,M,O
2164796,M,O
2168167,M,O
2174196,M,O
2174712,F,O
2179578,M,Y
2183770,M,Y
2184375,F,O
2185319,M,O
2192195,M,O
2196866,F,O
2200633,M,O
2206263,F,O
2209128,M,O
2219349,F,O
2220370,M,O
2224942,F,O
2225828,M,O
2227384,M,O
2228513,F,O
2232101,M,O
2238794,F,O
2247736,M,O
2254793,M,O
2257297,F,O
2269412,F,O
2269700,F,O
2270061,F,O
2277100,M,O
2283263,F,O
2291503,M,O
2294176,M,O
2304816,F,O
2310309,M,O
2312354,F,O
2313574,M,O
2315887,F,O
2317772,F,O
2324920,M,O
2327028,M,O
2331697,F,O
2334393,M,O
2338975,M,O
2341596,M,O
2342542,M,O
2344538,M,O
2355311,M,O
2366994,M,O
2369905,M,O
2373908,F,O
2374265,F,O
2374566,M,O
2376332,M,O
2377620,F,O
2382036,F,O
2385506,F,O
2386942,M,O
2386961,F,O
2390818,M,O
2393124,M,O
2394394,F,O
2396507,M,Y
2397401,M,O
2401817,M,O
2405542,M,O
2405810,M,O
2407983,M,O
2410709,M,O
2410748,M,Y
2413696,M,O
2419951,F,O
2425068,F,O
2432533,F,O
2450697,F,O
2452790,M,O
2456214,F,O
2457922,F,O
2473011,M,O
2505084,F,O
2536009,F,O
1333852,M,O
749823,F,O
815329,M,O
820001,M,O
846614,M,O
868044,M,O
875010,F,O
886682,M,O
890018,M,Y
892535,M,O
922278,M,O
926574,F,O
927738,F,O
929183,M,Y
933917,F,O
941768,F,O
942524,M,O
965225,F,Y
967945,M,O
1005619,F,O
1012079,M,O
1020930,F,O
1021633,M,O
1032123,M,O
1033604,F,O
1049266,M,O
1051987,F,O
1054656,F,O
1072281,M,O
1103257,M,O
1153492,F,O
1157038,M,O
1162063,F,O
1162872,F,O
1188039,M,O
1189962,M,Y
1199095,M,O
1222594,F,O
1234219,F,O
1236486,F,O
1246800,M,O
1249246,F,O
1298113,M,O
1302842,F,O
1308742,F,O
1314929,M,O
1328551,M,O
1349211,M,O
1354211,M,O
1372165,F,O
1414946,F,O
1467227,M,O
1477060,F,O
1481508,F,O
1514144,M,O
1558471,F,O
1560150,F,O
1579356,M,O
1647298,M,O
1648214,M,O
1652824,F,O
1684426,M,O
1734098,F,O
1734659,M,O
1744953,M,O
1756130,M,Y
1761622,F,O
1766752,M,O
1783512,F,O
1792481,M,O
1821196,F,O
1830834,F,O
1851247,M,O
1860169,M,O
1866580,M,O
1872264,M,O
1893968,M,Y
1908033,M,O
1917456,M,Y
1940423,M,O
1967780,M,O
1980798,F,O
1996302,F,O
2005122,M,O
2005355,M,O
2035077,F,O
2041604,M,O
2075233,F,O
2081288,M,O
2085135,F,O
2089844,F,O
2090101,M,O
2097372,F,O
2117841,M,O
2140774,M,O
2142436,M,O
2146994,M,O
2147324,F,O
2147615,M,O
2149583,M,O
2157736,F,O
2164123,M,O
2171890,M,O
2187028,M,O
2197246,F,O
2199223,F,O
2220402,M,O
2221610,M,O
2225277,F,O
2240726,F,O
2240935,M,O
2245713,F,O
2247751,F,O
2249125,M,O
2267372,F,O
2270070,M,O
2280020,M,O
2308687,F,O
2317810,M,O
2330926,M,O
2331293,M,O
2341352,M,O
2369398,F,O
2372813,M,O
2373894,M,O
2388477,M,O
2390833,F,O
2401631,M,O
2407806,M,O
2413810,M,O
2465054,M,O
2480546,F,O
2480659,F,O
2481206,F,O
2488833,M,O
2501362,F,O
2507111,F,O
2508463,F,O
2521031,M,O
2531967,F,O
2549343,M,O
2559867,F,O
2567607,M,O
2569028,F,O
2578479,M,O
2584492,M,O
2375340,F,O
2381399,F,O
2388063,M,Y
2445156,F,O
2445499,F,O
2450196,F,O
2462487,F,O
2499985,F,O
2524208,M,O
2529692,M,O
2534562,M,O
2550594,F,O
12207,M,O
12256,M,O
22098,F,O
22762,M,O
23211,F,O
26915,M,O
34079,F,O
36595,F,O
47957,F,O
56377,F,O
56483,M,O
73415,M,O
74101,M,O
74447,F,O
75174,M,O
86763,M,O
95901,F,O
98397,M,O
98839,M,O
107800,F,O
114713,M,O
115623,M,Y
121091,M,O
122278,M,Y
123127,M,O
123210,M,O
123524,M,Y
127046,M,O
127202,M,O
128994,M,O
137844,M,O
154376,M,O
155754,M,O
157417,M,O
166010,M,O
168560,M,Y
170779,F,O
176260,M,O
176363,M,O
184608,M,O
186631,F,O
196184,M,O
199929,F,O
201805,F,O
204006,M,O
204618,F,O
206352,M,O
211471,M,O
219018,F,O
221275,M,O
245940,F,O
254438,M,O
258155,M,O
282163,M,O
282441,M,O
282528,M,O
283761,M,O
295225,F,O
296745,F,O
299088,M,O
301539,M,O
302574,M,O
313952,F,O
315750,F,O
332194,F,O
333136,M,O
336179,M,O
338149,F,O
339777,M,O
339863,F,O
343491,M,O
349891,F,O
355050,M,O
372513,F,O
377687,M,O
380831,M,O
383348,M,O
384653,M,O
386529,M,Y
388295,F,O
399716,M,O
407265,M,O
430066,M,O
433925,F,O
456504,F,O
475579,M,O
482925,M,O
488647,F,O
492136,M,O
495207,F,O
512110,F,O
512942,F,O
513984,F,O
516886,M,O
539722,M,O
546695,M,Y
546718,F,O
550559,F,O
556180,F,O
557242,M,O
570695,F,O
571922,F,O
578313,F,O
591462,M,O
596994,M,O
599682,F,O
607002,M,O
608488,F,O
619165,M,O
633558,M,O
644559,M,O
648098,M,O
672954,F,O
679945,M,O
691836,M,O
705827,M,O
722398,F,O
726943,F,O
727178,M,O
741247,M,O
742078,M,O
743148,M,O
750943,F,Y
770507,M,O
772464,F,O
791470,M,O
794546,M,O
799941,F,O
827615,M,O
836646,F,O
838253,F,O
847113,M,O
867172,M,Y
872721,F,O
878149,F,O
882796,M,O
922884,F,O
925780,M,Y
931909,F,O
935350,M,O
944699,M,O
949642,M,O
959905,M,O
969248,M,O
973682,F,O
991301,M,O
1022420,M,O
1028177,F,O
1030494,M,O
1032138,M,O
1036720,M,O
1049702,M,O
1060151,M,O
1061743,F,O
1090199,M,O
1092942,M,O
1107174,F,O
1110017,F,O
1114064,M,O
1115254,M,O
1153136,F,O
1153929,F,O
1165117,M,O
1170489,F,O
1195150,F,O
1207127,M,Y
1207327,M,O
1216171,M,O
1217704,M,O
1225752,M,O
1249201,F,O
1273511,M,O
1282174,M,O
1286980,F,O
1303612,M,O
1305264,M,O
54369,M,O
56311,F,O
56935,M,O
59446,F,O
69375,M,O
78997,M,O
80989,F,O
99859,F,O
104985,F,O
116937,M,O
127664,M,O
132560,M,O
133508,M,O
137206,M,O
146181,M,O
154890,M,O
157513,M,O
164349,F,O
176749,F,O
181537,M,O
183139,M,O
24432,M,O
33359,F,O
33787,M,O
44856,M,Y
50174,M,O
210820,F,O
211311,M,O
215862,M,O
217064,M,O
217742,F,O
233002,M,O
249437,F,O
251177,F,O
253700,M,O
259960,F,O
270916,M,O
271452,M,O
281065,F,O
286963,F,O
761938,M,O
1418878,F,O
2444716,F,O
2468577,M,Y
2474673,M,O
2477819,M,O
2485771,M,Y
2487641,F,O
2524392,M,O
2544262,F,O
2553140,F,O
2560094,F,O
2565142,F,O
2581573,M,O
2148428,M,O
2150690,M,O
2159373,F,O
2166123,M,O
2172786,M,O
2174527,F,O
2201438,F,O
2219574,M,O
2230715,M,O
2276133,M,O
2277290,F,O
2277402,M,O
2305917,M,O
2308972,M,O
2309826,M,O
2321067,F,O
2343061,F,O
2348656,M,O
2363987,M,O
2378115,F,O
2387343,M,O
2399006,M,O
2402859,F,O
2417645,M,O
2437054,M,O
2452916,M,O
2464643,M,O
2508909,M,O
2527381,M,O
2541164,M,O
2554173,F,O
2556910,M,Y
14895,M,O
21494,F,O
28736,M,O
31026,F,O
33100,F,O
33566,M,O
37004,F,O
39212,M,O
43019,M,O
46186,M,O
46315,M,O
48271,F,O
52691,M,O
61708,F,O
63666,M,O
71787,M,O
75818,M,O
78935,F,O
82954,M,O
85913,M,O
88511,M,O
93844,F,O
105802,F,O
106130,M,O
112039,F,O
121502,M,O
121840,M,O
130281,M,O
144308,F,O
148019,M,O
154750,M,Y
155898,M,O
162390,M,O
164757,M,O
167194,M,O
169078,F,O
170354,M,O
171509,F,O
171733,F,O
182491,M,O
185355,M,O
186211,F,O
186614,F,O
189201,M,O
189401,M,O
191523,M,O
191654,F,O
12486,M,O
19900,M,O
26177,M,O
36799,M,O
67721,M,O
73533,F,Y
78620,F,O
82732,F,O
87728,M,O
100095,M,O
109984,M,O
118661,M,O
126176,F,O
139655,M,O
145812,M,O
172952,M,O
174242,M,O
179027,M,Y
187328,F,O
199107,F,O
200077,M,O
213059,M,O
215959,F,O
216445,F,O
227279,F,O
231662,M,O
234979,M,O
236622,M,O
240393,F,O
241468,F,O
246252,M,O
252427,F,O
260792,M,O
271850,F,O
273415,M,O
274131,F,Y
1728256,F,O
1748827,M,O
1755318,F,O
1761132,M,O
1763363,M,O
1767235,M,O
1767617,M,O
1769831,M,O
1784867,F,O
1809778,M,O
1826486,M,O
1836549,M,Y
1845967,M,O
1861435,M,O
1879640,M,O
1898071,M,O
1917044,M,O
1933691,M,O
1945523,F,O
1972081,M,O
1976136,F,O
1979727,M,O
1987634,M,O
1999619,F,O
2229552,F,O
2233379,M,O
2237992,F,O
2244978,M,O
2248353,M,O
2250435,M,O
2259400,M,O
2262472,F,O
2273059,M,O
2287105,F,O
2290590,M,Y
2367273,M,Y
2378146,F,O
2378648,F,O
2401873,M,O
2402319,F,O
2412136,F,O
2436653,M,O
2458625,M,O
2466083,M,O
2499048,M,O
2506992,M,O
2508897,M,O
2512193,M,O
2522997,M,O
2579100,M,O
673269,F,O
674286,M,O
676966,M,O
690309,M,O
698592,F,O
702255,M,O
705568,F,O
707728,F,O
710479,M,Y
718276,F,O
730983,F,O
739670,F,O
742815,M,O
752890,M,O
774995,F,O
778528,M,O
783672,F,O
784360,M,O
796783,F,O
799357,M,O
821389,F,O
827326,M,O
829118,M,Y
832418,M,O
929184,M,O
944293,F,O
964666,M,O
968240,M,O
969938,M,O
986416,F,O
996342,M,O
1000552,M,O
1013741,M,O
1030455,F,O
1031822,M,O
870040,F,O
880768,M,Y
894235,F,O
896079,M,O
1042352,F,O
1061423,M,O
1086526,M,O
1090702,F,O
1101572,M,O
1107157,M,O
1121810,F,Y
1127851,M,O
1131398,M,O
1132800,F,O
1135145,M,O
1137896,F,O
1142250,M,O
1151637,M,O
1159671,F,O
1160657,M,O
1182765,M,Y
1184546,F,O
1186925,M,O
1189184,M,Y
1190147,F,O
1191395,F,O
1198214,F,O
1217813,M,O
1241854,M,O
1254500,F,O
1258498,F,O
1269750,F,O
1286127,F,O
789545,F,O
793368,F,O
797489,M,O
798598,F,O
801867,F,O
806071,M,O
811414,M,O
813741,M,O
816263,F,O
819170,M,O
835840,F,O
845051,M,O
864867,F,O
888830,M,O
889911,F,O
1002371,M,O
1011183,M,O
1022299,M,O
1032676,M,O
1032834,M,O
1036058,M,Y
1040249,M,O
1066489,F,O
1068051,M,Y
1077326,M,O
1079697,F,O
1088784,F,O
1105937,M,Y
1121919,M,O
1143577,M,O
1154003,M,O
1154020,M,O
1160807,F,O
1164051,M,O
1173689,F,Y
1176858,F,O
1178926,F,Y
1179582,M,O
1198339,M,O
1209087,F,O
1210204,M,O
1216723,F,O
1225490,F,O
1227886,F,O
13915,M,O
18437,F,O
21356,M,O
43201,F,Y
43972,M,O
45719,M,O
65234,M,O
70163,M,O
74002,M,O
99938,M,Y
113681,M,O
115924,M,O
124385,M,O
124717,F,O
127505,M,O
129431,F,O
130623,M,O
133354,M,O
145841,M,O
151756,M,Y
169019,M,O
172716,M,O
178286,F,O
1656614,F,O
1233392,F,O
1241039,M,O
1275263,F,O
1281742,M,O
1297283,F,O
1297424,M,O
1299365,M,O
1323933,F,O
1327779,M,O
1342741,M,O
1345723,M,O
1350018,F,O
1350253,F,O
1368239,M,O
1369571,F,O
1408264,M,O
1422515,M,O
1425322,M,O
1428290,F,O
1438601,F,O
1469710,M,O
1477751,F,O
1525923,M,O
1550397,M,O
116372,M,Y
127530,F,O
141087,M,O
141895,M,O
146252,M,O
153681,F,O
158900,F,O
168640,F,O
171816,M,Y
173338,M,O
176859,F,O
181992,F,O
190049,F,O
191506,F,O
212530,M,Y
212658,M,O
222361,M,O
238336,M,O
239298,F,O
249899,F,O
264675,M,O
267381,M,O
272031,M,O
275793,F,O
288239,M,O
289409,M,O
301134,F,O
302369,F,O
307834,M,O
322815,M,O
331169,F,O
334841,M,O
343970,F,O
346728,F,O
1029823,M,O
1041139,F,O
1052782,M,O
1053551,M,O
1060756,F,O
1096297,F,O
1106811,F,O
1110844,M,O
1117493,F,O
1140399,F,O
1142007,F,O
1144506,M,Y
1157525,M,O
1159996,M,O
1193466,M,O
1193683,F,O
1205990,F,O
1210580,F,O
1212514,M,O
1250888,M,O
2161716,F,O
2163023,F,O
2173060,F,O
2217980,M,O
2222800,F,O
2232256,F,O
2252750,F,O
2306744,F,O
2312568,F,O
2340432,M,O
2374607,M,O
2402831,F,O
2485998,F,O
2487858,F,O
2501989,F,O
2305761,M,O
2307146,F,O
2319913,F,O
2323120,M,O
2339212,M,O
2339554,M,O
2350912,F,O
2388134,M,O
2389351,M,O
2401658,F,O
2404976,M,O
2420986,M,O
2435666,M,O
2446965,M,O
2451150,M,O
2453200,M,O
2470519,F,O
2482884,F,O
2483165,F,O
2500265,F,O
2501816,M,O
2544140,F,O
2551228,F,O
2551394,M,O
2560721,F,O
2567025,F,O
2573374,F,O
2582058,M,O
627611,F,O
1336613,F,O
1933269,M,O
2299768,F,O
10629,M,O
13562,M,O
15750,M,O
24528,M,O
30083,F,O
37540,M,O
39376,M,O
54935,M,Y
61111,F,O
62581,F,O
74864,M,O
81321,F,O
81819,M,O
104345,F,O
109356,M,O
120149,F,O
131845,F,O
175522,M,O
178552,M,O
182280,M,Y
183947,M,O
184690,M,O
189109,M,Y
193821,F,O
197404,M,O
198820,F,O
1567195,M,O
1568893,M,O
1576596,M,Y
1583443,M,O
1596488,F,O
1596916,M,O
1601838,M,O
1615880,F,O
1616816,M,O
1621079,M,O
1626634,M,O
1636475,F,O
1643537,F,O
1671884,F,O
1676045,M,O
1684597,F,O
1689302,F,O
1701580,M,O
1725745,M,Y
1733962,F,O
1484848,F,O
1498857,M,O
1501183,F,O
1501689,F,O
1502711,F,O
1515166,M,O
1515874,M,O
1523551,M,Y
1526282,M,Y
1536909,M,O
1539464,F,O
1539770,F,O
1560534,F,O
1639949,F,O
1647978,M,O
1658459,F,O
1684852,M,O
1687635,M,O
1692835,F,O
1693097,M,Y
1715433,M,O
1751700,F,O
1792569,M,O
1597307,M,O
1613829,F,O
1619147,M,Y
1624066,M,O
1627874,F,O
1628407,M,O
1633855,F,O
1637989,F,O
871615,F,O
891741,F,O
896294,M,O
907369,F,O
932864,M,O
938946,F,O
982287,M,O
992705,F,O
1005086,M,O
1019283,M,O
1024981,M,O
1054541,M,O
1056254,M,O
1070476,M,O
1081731,F,O
1095470,M,Y
1106131,M,O
1106295,M,O
1109422,F,O
1115434,F,O
1186886,M,O
1188659,F,O
1194290,M,O
1198666,M,O
1200765,M,O
1204016,M,O
1214746,M,O
1219577,M,O
1221513,F,O
1233780,M,O
1259066,M,O
1278098,M,O
1295437,M,O
1298229,F,O
1302055,M,O
1303247,M,O
1304807,M,O
1308994,M,O
1310315,M,O
1315046,M,Y
1329012,M,O
1352826,F,O
1356799,F,O
1367800,F,O
1371723,M,O
1376944,M,Y
1383353,M,O
1389619,M,O
1390641,M,O
1409471,M,O
1428013,F,O
1429493,F,O
2061813,M,Y
2066967,M,O
2086268,F,O
2136138,F,O
2147789,F,O
2148160,F,O
2156786,M,O
2168766,F,O
2170337,M,Y
2176820,M,O
2187915,F,O
2191732,M,O
2195766,F,Y
2204056,M,O
2208376,F,O
2232176,M,O
2247169,F,O
2248212,M,O
2261384,F,O
2265688,M,O
2271312,F,O
2276896,M,O
2288913,M,O
632549,M,O
2576352,M,O
1464524,F,O
1467649,F,O
1468425,M,O
1479402,M,O
1485454,F,O
1496239,M,O
1198609,M,O
1200772,M,O
1212575,F,O
1243190,M,O
1250327,M,Y
1250989,F,O
1259292,F,O
1286228,M,O
1293500,M,O
1318007,M,O
1319451,F,O
1325340,M,Y
1326413,M,Y
1350678,M,O
1351446,M,O
1352132,M,O
1355050,M,O
1356825,M,O
1359343,M,O
1380455,F,O
1017870,M,O
1042681,F,O
1054867,F,O
1070252,F,O
1090467,M,O
1097765,M,O
1113416,M,Y
1116911,M,O
1117560,F,O
1128519,M,O
1138915,M,O
1142123,F,O
1149483,F,O
1161663,F,O
1202606,M,O
1205920,F,O
1213573,M,O
1243910,M,O
1248252,F,O
1254938,F,O
1922318,F,O
1950599,F,O
1955307,M,O
1977442,M,O
1978199,F,O
2027258,M,O
2056791,F,O
2058613,F,O
2061786,M,O
2073340,F,O
2082438,F,O
2088830,M,O
2089526,M,O
2091486,M,Y
2096042,F,O
2129716,F,O
2133444,M,Y
2150688,M,O
2176666,F,O
2189701,M,O
2191489,F,O
2198852,F,O
2204596,M,O
2217186,F,O
2236340,M,O
2237457,M,O
2237882,M,Y
2246601,M,O
2247411,F,O
2252233,M,O
2252341,F,O
2279677,F,O
2283840,F,O
2287822,F,O
2424861,M,O
2438619,M,O
2463129,M,O
2474416,M,O
2299461,F,O
2333508,M,O
2333613,M,O
2338643,F,O
2346303,M,O
2353421,M,O
2362666,M,O
2367389,F,O
2371346,M,O
2419341,M,O
2507913,F,O
2509174,F,O
2513326,M,O
2514300,M,O
2521047,M,O
2552377,M,O
2568487,M,Y
1580007,F,O
1606241,M,O
1607763,F,O
1624985,M,O
1629438,M,O
1630323,F,O
1633071,M,O
1642921,M,O
1644005,M,O
1720422,M,O
1738048,M,O
1743379,F,O
1835351,F,O
1855841,F,Y
1859743,F,O
1913364,F,O
1934662,F,O
1935630,M,Y
1978619,M,O
1984569,M,O
1149355,M,O
1166853,M,O
1167339,F,O
1190428,M,O
1211838,F,O
1214710,M,O
1287630,M,O
1295654,F,O
1312197,M,Y
1328455,F,Y
1328591,F,O
1341200,F,O
1347922,M,O
1354153,F,O
1354354,M,Y
1360398,F,O
1413091,M,O
1443202,M,O
1459880,F,O
1477078,F,O
1516142,F,O
1522607,M,O
1523482,F,O
1525599,M,O
1537210,M,O
1609713,M,O
1615259,F,O
1146804,F,O
1182058,M,O
1265361,M,O
1277532,F,O
1282832,F,O
1282994,M,O
1283211,M,O
1302322,F,O
1309227,F,O
1328793,F,O
1335965,M,O
1361434,F,O
1369163,M,O
1374248,F,O
1374830,M,O
1380023,M,O
1852116,F,O
1872421,M,O
1881441,F,O
1890032,M,O
1894057,F,O
1906667,F,O
1913465,M,O
1920521,M,Y
1930308,F,O
1999978,F,O
2018171,M,O
2019923,M,Y
2022214,M,O
2026017,M,O
2056450,F,O
2061895,M,O
2073193,F,O
2080313,F,O
1626437,M,O
1667927,F,O
1736901,M,O
1759898,F,O
1761427,F,O
1790918,F,O
1857822,F,O
535298,F,O
536622,F,O
537739,F,O
538835,M,O
543165,M,O
552581,F,O
556270,M,O
556314,F,O
563261,F,O
574152,M,O
574897,M,O
579883,M,O
579927,M,O
591522,M,O
592061,M,O
597000,F,O
597969,F,O
612975,M,O
639265,M,O
656022,M,O
661578,F,Y
670678,F,O
671715,M,Y
704319,M,O
716052,M,O
719670,F,O
719852,M,O
732715,F,O
740893,M,O
751717,M,O
754657,M,O
757933,F,O
759914,F,O
763820,F,O
767196,M,O
770412,F,O
784924,M,O
1864722,M,O
1955306,M,O
2018284,M,O
2033883,M,O
2038315,M,O
2039013,M,O
2044544,M,O
2055307,M,O
2061096,M,O
2076164,F,O
2096381,F,O
2145350,F,O
2153412,M,O
2158260,M,O
2177937,M,O
2181288,M,O
2183769,F,O
2192888,M,O
2224587,F,O
2235031,M,O
2259451,M,O
2328563,M,O
2328757,F,O
2329084,M,O
2340466,M,O
2389564,F,O
2390932,M,Y
2497639,F,O
2505578,M,O
2514748,M,O
2548664,M,O
2561790,M,O
2571012,M,Y
1494164,M,O
1495349,F,O
1507537,M,Y
1518427,M,O
1522061,F,O
1522658,M,O
1533358,F,O
1542832,F,O
1571356,M,O
1575829,M,O
1602371,M,O
1612921,M,O
1641385,M,O
1662107,M,O
1673097,M,O
1677875,M,O
1680127,M,O
1689723,F,O
1697473,F,O
1700177,M,O
637511,F,O
639228,M,O
645735,M,O
647588,M,O
662596,M,O
690777,F,O
715956,F,O
740309,M,Y
745774,M,O
755767,M,O
760229,M,O
763932,M,O
785266,M,O
811788,F,O
825910,M,O
860914,M,O
868518,M,O
872213,M,O
891419,M,O
897528,M,O
913369,M,O
941513,M,O
947640,F,Y
950116,F,O
979668,F,O
980145,F,O
989473,M,O
990772,F,O
992181,F,O
1004630,M,O
1006349,F,O
1025716,F,O
1069142,M,O
1073085,F,O
1079399,M,Y
1084108,M,O
1121576,F,O
1148967,F,O
1173784,F,O
1178131,F,O
1199348,M,O
1212563,M,O
1217875,F,O
1226142,M,O
1246487,M,O
1251833,F,O
1266479,F,O
1272501,F,O
1291748,M,O
1300467,F,O
1300826,M,O
1321469,M,O
1323595,M,O
1325510,M,O
1341870,M,O
1342796,M,O
1351598,M,O
1354347,M,O
1354762,M,O
1410253,F,O
1414464,F,O
1465098,F,O
1493222,F,O
1528150,F,O
1549159,M,O
1556971,M,O
1577701,M,O
1621383,M,Y
1633743,M,O
1694689,M,O
1700251,M,O
1717915,F,O
1745797,M,Y
1781769,F,O
1782426,F,O
1784724,M,O
1789934,M,O
1839719,F,O
1847756,F,O
1849029,M,O
1859836,M,O
1901549,F,O
1923579,M,O
1958026,F,O
1958375,M,O
2070248,M,O
1061878,F,O
1077315,M,O
1109491,M,O
1119305,M,Y
1255898,M,O
1258482,F,O
1287036,M,O
1299820,M,O
1310025,F,O
1323994,F,O
1340431,F,O
1343642,M,O
1355931,M,Y
1371039,F,O
1373449,F,O
1375311,M,O
1396079,M,O
1422072,F,O
1425467,F,O
1432584,F,O
1433317,M,Y
1440215,F,O
1445749,M,O
1455831,M,O
1136723,M,O
1140481,M,O
1153989,F,O
1162527,F,O
1164062,M,Y
1170476,F,O
1188502,F,O
1235230,F,O
1242017,F,O
1247061,M,O
1520255,F,O
1523645,M,O
1565478,F,O
1567726,M,O
1569014,M,O
1586397,M,O
1592822,M,O
1694019,M,O
1712714,M,O
1722763,M,O
1743119,M,O
1754988,M,O
1755095,M,O
1801809,M,O
1869124,M,O
1879031,F,O
1909143,F,O
1914456,M,O
1930606,F,O
1948155,F,O
1991361,M,O
2011910,M,O
2020179,F,Y
2021099,M,O
2021503,F,O
2025392,M,O
2025483,M,O
2043939,M,O
2048891,F,O
2058204,F,O
2063000,M,O
2067804,F,Y
2070240,F,O
2088276,F,O
2088694,F,O
2089686,F,O
2091765,M,O
2097141,M,O
2104110,M,O
2110019,M,O
2111235,M,O
2114764,F,O
2115138,M,O
2117174,F,O
2140798,M,O
2155235,F,O
2155769,F,O
2157177,M,O
2163000,M,O
2163959,M,O
2164901,M,O
2194984,F,O
2230449,F,O
2240318,F,O
2251379,M,O
2270235,M,O
2270274,F,O
2293628,F,O
2322906,F,O
2328254,F,O
2328685,M,O
2329151,F,O
2336732,M,O
2374544,M,O
2375820,M,O
2394665,F,O
2459810,M,O
2478322,M,O
2505441,M,O
2530985,M,O
2536010,F,O
2536566,M,O
2553920,M,O
19110,F,O
28626,M,O
28995,M,O
31173,F,O
31645,M,O
467508,M,Y
775806,F,O
1966477,F,O
2067354,M,O
2076979,F,O
2362088,M,O
2375258,F,O
2378923,M,O
2389547,M,O
2444189,M,O
2465689,M,O
2492688,M,O
2500915,F,O
2506812,M,O
2517318,F,O
2537808,M,O
2544361,F,O
2550145,M,O
2555005,M,O
2560405,F,O
2566181,M,O
440313,M,O
532196,M,O
2346479,M,O
2439187,F,O
2457566,M,O
2474574,M,O
2491414,M,O
2504222,F,Y
2504890,F,O
2552055,F,O
2563439,M,O
2585234,M,O
1114436,M,O
1263013,F,O
1511366,M,O
1538692,F,O
1586508,F,O
1818882,M,O
2011081,M,O
2038328,M,O
2142902,M,O
2156115,F,O
2183623,M,O
2214128,M,Y
2367667,F,O
2412984,M,O
2428001,F,O
2449656,M,O
2556388,M,O
59390,M,O
119987,F,O
132212,M,O
249163,M,O
254022,M,O
304267,F,O
308688,F,O
360710,M,O
363317,F,O
379209,F,O
382018,M,O
396309,M,O
440349,M,O
450447,F,O
497433,M,O
511464,F,O
518368,F,O
561336,M,O
572105,M,O
320111,F,O
2548649,M,O
281453,M,O
291904,F,O
293590,M,O
302036,M,O
318408,F,O
325709,F,O
341261,M,O
344837,F,O
362204,M,O
368945,M,O
371158,M,O
371618,M,O
380080,M,O
383859,M,O
387774,F,O
388256,M,O
389910,M,Y
407553,M,O
429242,F,O
444259,F,O
447194,F,O
459503,M,O
462133,F,O
465413,M,O
475866,M,O
479326,M,O
498693,F,O
499874,M,O
500218,M,O
501023,M,Y
507478,F,O
509421,M,O
510582,M,O
512001,M,O
521918,M,O
557760,M,O
563730,F,O
2228974,F,O
2231327,F,O
2240166,M,O
2250007,M,O
2254990,M,O
2266349,M,O
2275307,F,O
2288821,M,O
2294536,M,O
2317471,M,O
2323574,M,O
2327315,F,O
2334869,F,O
2351585,F,O
2356214,M,O
2364624,M,O
2381930,M,O
2397793,F,O
2417636,M,O
2431486,M,O
2450633,M,O
2468202,F,O
2471939,M,O
2057155,M,O
2185815,F,O
2239552,M,O
2264011,M,O
283588,F,O
299631,M,O
303154,M,O
319716,M,O
325394,M,O
338734,F,O
341228,F,O
349696,M,O
351664,F,O
365747,M,O
367234,M,O
369104,M,O
374075,M,O
378367,F,O
380544,M,O
381227,M,O
386916,M,O
388306,F,Y
390795,F,O
390941,F,O
391272,M,O
392238,M,O
396262,M,O
408224,F,O
414173,M,O
414466,M,O
425381,F,O
429230,M,O
435067,M,O
437718,F,O
449268,M,O
451624,M,O
460052,M,O
474804,F,O
476408,F,O
481513,M,Y
481572,M,O
486252,F,O
499203,M,Y
509648,M,O
512950,F,O
534590,M,O
638740,M,O
641872,M,O
657340,F,O
660411,M,O
667861,M,O
671994,M,O
672769,F,O
679947,M,O
688772,F,O
696440,F,O
698378,M,O
707057,M,O
715514,M,O
740642,F,O
741204,M,O
742248,F,O
750646,M,O
759696,F,O
772113,M,O
794271,M,O
813260,M,O
822652,M,O
834849,M,O
853005,F,O
865837,M,O
896893,M,Y
910864,M,O
2345060,F,O
2345225,M,O
2363932,M,O
2389643,F,O
2398707,M,O
2398944,M,O
2423176,M,O
2432894,M,O
2449436,F,O
2482952,F,O
2487016,M,O
2542199,M,O
2561731,M,O
2566043,M,O
2571216,F,O
2580984,M,O
729787,F,O
735230,M,O
735339,F,O
740901,M,O
771274,F,O
779546,M,O
790242,M,O
793312,M,O
818783,M,O
829504,M,Y
829518,M,O
829934,F,O
846510,M,Y
849030,M,O
852157,M,O
870738,F,O
892457,F,O
898976,F,O
924351,M,O
927905,M,Y
928802,F,O
932785,M,O
948886,F,O
952082,M,O
968918,M,O
984799,F,O
1047869,M,O
1085627,F,O
1113982,M,O
1116811,M,O
1167686,F,O
1197067,F,O
1283285,M,O
1294447,F,O
1315892,M,O
1333146,M,O
1339226,F,O
1225362,M,Y
1257020,M,O
1257848,M,O
1273322,F,O
1277559,F,O
1357710,M,O
1366623,M,Y
1380482,M,O
1384027,M,O
1405082,F,O
1429949,F,O
1431760,F,O
1450270,M,O
1461306,F,O
1477431,M,O
1494172,M,O
1503674,M,O
1507424,M,Y
409653,F,O
415964,F,O
424268,F,O
424852,M,O
431379,M,O
439319,M,O
439695,M,O
440653,M,O
445151,M,O
448010,M,O
450085,F,O
465099,F,O
475125,F,O
484608,F,O
501917,F,O
504817,M,O
511665,F,O
519322,F,O
519607,M,O
524495,F,O
279741,F,O
283443,F,O
300187,M,O
300663,M,O
306807,M,O
309585,M,O
321534,F,O
321906,M,O
334569,F,O
346907,M,O
357108,M,O
358507,M,O
383026,M,O
386034,F,O
396136,F,O
2034280,M,O
2104312,M,O
2134420,M,O
1775233,M,O
1786523,M,Y
1789214,F,O
1803424,F,O
1809548,M,O
1819233,M,O
1822960,F,O
1829585,M,O
1831999,M,O
1852375,M,O
1862864,M,O
1865196,M,O
1866277,F,O
1888466,M,O
1904463,F,O
1909193,F,O
1940418,M,O
1995955,F,O
1998504,F,O
1999942,M,O
2045355,F,O
2050537,F,O
2055792,M,Y
2060181,M,O
2072539,M,O
2074434,F,Y
2077190,M,O
2092247,M,O
2097663,M,O
2101517,M,O
2114261,F,O
2121249,M,O
2126436,F,O
2136753,M,Y
2151277,M,O
2152898,M,O
2154568,M,O
2167133,M,O
2172986,M,O
2177703,F,O
2183988,M,O
2184818,F,O
2197428,M,Y
2204082,M,O
2205590,F,O
2215933,M,O
2221078,F,O
2228730,F,Y
2239111,F,O
2255775,M,O
2262186,M,O
2264880,F,O
2266223,M,O
2281376,F,O
2281550,F,O
2287800,F,O
2288716,M,O
2290381,M,O
2297240,M,O
2306905,M,Y
16258,M,O
33625,F,O
62801,M,O
124503,M,O
128576,F,O
133213,M,Y
149577,F,O
168036,F,O
170926,M,O
179770,M,O
182980,F,O
183208,F,O
188787,M,Y
198770,M,O
204459,M,O
225966,F,O
248846,M,O
249976,M,O
252691,M,O
258050,F,O
263079,M,O
265759,F,O
275175,F,O
284793,F,O
287374,M,O
289044,F,O
306726,M,O
313095,M,O
326354,F,O
332653,F,O
344734,M,O
349449,F,O
349760,F,O
354312,M,O
365862,M,O
376207,F,O
384363,F,O
390724,F,O
391543,F,O
391548,F,O
395753,M,O
404845,M,O
418104,F,O
2451788,M,O
2457614,M,Y
2457754,F,O
2505614,M,O
2516671,M,O
2546130,F,Y
2552458,F,O
2558013,M,O
69890,M,O
73582,F,O
85517,M,O
86267,F,O
88510,M,O
92091,F,O
92855,M,Y
98542,M,O
112090,F,O
112171,M,O
132132,F,O
138532,M,O
159927,M,O
166885,F,O
1401976,F,O
1403511,M,O
1430122,F,O
1441963,M,O
1468235,F,O
1476693,M,O
1501387,F,O
1506461,M,O
1526667,M,O
1538424,M,O
1545657,M,O
1571241,M,O
1590452,M,O
1447472,M,O
1597259,M,O
1626648,M,Y
1635567,M,O
1643581,M,O
1668226,M,O
1668758,F,O
1715315,M,O
54918,M,O
56251,M,O
59532,M,O
70983,M,O
71200,M,O
75621,F,O
77192,M,O
79648,M,O
89076,F,O
99741,M,O
107177,M,O
111312,M,O
131271,M,O
163774,M,O
165739,F,O
182326,M,O
198553,M,O
201362,F,O
202065,M,O
211242,F,O
215726,F,O
218851,F,O
226201,F,O
232630,M,O
252231,M,O
258138,M,O
259393,F,O
268762,M,O
270376,M,O
272469,F,O
313911,F,O
726629,F,O
746093,M,O
760161,F,O
760263,M,O
760932,M,O
780620,M,O
816987,F,O
823938,M,O
846999,M,O
852349,F,O
941539,F,O
972492,M,O
980756,M,O
985514,M,O
988305,M,O
1004076,F,O
1008928,F,O
1017382,M,O
1036962,F,O
1067275,F,O
1068628,M,O
1080053,M,O
1113304,M,O
1131297,M,O
1141433,F,O
1201507,M,O
1205634,F,O
1904674,M,O
1921624,M,O
2004488,M,O
2068705,F,O
2096060,F,Y
2132336,M,Y
693817,M,O
698528,M,O
709493,F,O
715684,M,O
722410,M,O
724470,M,O
730844,F,O
732680,F,O
735527,F,O
753337,F,O
761406,F,O
761691,F,O
768822,M,O
785146,M,O
789462,F,O
793720,M,O
805272,F,O
853596,F,O
947445,M,O
962988,M,O
971886,M,O
979042,M,O
980467,F,O
980550,F,O
1620981,F,O
1636281,F,Y
1691899,F,O
1731001,M,O
1768877,M,O
1806493,F,Y
1806681,F,O
1812654,M,O
1893587,F,O
2115775,M,O
2127185,F,O
2128784,M,O
2137867,F,O
2157032,M,O
2175693,M,Y
2207643,M,O
2207905,M,O
2224093,M,O
2227792,F,O
2243508,M,O
2249140,F,O
2264942,M,O
2286145,M,O
2306337,M,O
2308136,M,O
2343253,M,Y
2343328,M,O
2347936,F,O
2348212,M,O
2354071,M,O
2368392,M,Y
2371475,M,O
2378656,M,O
25298,F,O
54466,M,O
73409,F,Y
114851,F,O
123340,F,O
145408,M,Y
169368,M,O
176337,M,O
186660,M,O
274746,F,O
286467,F,O
290148,M,O
290390,M,O
324729,F,O
357571,M,O
392336,F,O
435441,M,O
450678,M,O
467012,M,O
496794,F,O
516156,M,O
525010,F,O
541303,F,O
563183,F,O
597576,M,O
611774,M,O
698034,F,O
708424,M,O
714369,M,O
729891,M,O
741709,M,O
762863,F,O
822576,F,O
838525,M,O
964574,M,O
975444,F,O
990924,M,O
992417,M,O
1024998,F,O
1050770,M,O
1062137,F,O
1094029,F,O
1198267,F,O
1214001,M,O
28985,M,O
31884,M,O
33621,F,O
43630,F,O
51048,F,O
60138,M,O
77430,F,O
86973,F,O
88438,M,O
93803,M,O
96012,F,O
102050,F,O
120870,M,O
124431,F,O
141605,M,Y
153980,F,O
158479,M,Y
160774,F,O
187674,M,O
194918,M,O
216661,M,O
224387,M,O
227604,M,O
229034,M,O
233486,F,O
268654,M,O
290630,F,O
295768,F,O
307314,M,O
314489,M,O
323914,F,O
333467,F,O
333684,M,O
376903,M,O
386072,F,O
462876,F,O
471296,M,O
472661,M,O
473555,M,O
475291,F,O
476574,M,O
479019,M,O
483511,M,O
503412,M,O
515211,F,O
530990,F,O
533957,M,O
546546,M,O
549804,F,O
550969,M,O
559892,M,O
565823,M,O
569956,F,O
583259,M,O
606778,M,O
617638,M,O
622023,M,O
634020,M,O
634919,F,O
639569,M,Y
651345,M,O
653819,M,O
665904,M,O
723391,M,O
742887,M,O
765413,M,O
795826,M,O
813986,M,O
835266,F,O
835855,F,O
842015,F,O
862790,M,O
901105,M,O
915067,M,O
918439,M,Y
927265,F,O
931838,F,O
962187,F,O
965020,M,O
985292,M,O
993715,F,O
1008306,F,O
1010208,F,O
1101434,F,O
1119636,F,O
1142328,M,O
1247285,M,O
1256036,M,O
1258196,M,O
1265500,M,O
1299127,M,O
1343288,F,Y
980095,F,O
1012855,M,O
1042466,F,O
1102727,F,O
1177776,F,O
1186722,M,O
1187806,M,O
1206069,F,Y
1377760,F,O
1443282,F,O
1454330,M,O
1465805,F,O
1472893,M,O
1531097,M,O
1567127,F,O
1944115,F,O
2034742,M,O
2036174,M,O
2070048,M,O
2088843,M,O
2093307,M,O
2097779,M,O
2102656,F,O
2104866,M,O
2129758,M,O
2211118,F,Y
2214214,F,O
2226967,F,O
2231926,F,O
2266547,M,O
2269760,M,O
2280078,M,O
2292282,M,O
2319945,F,O
2325087,M,O
1344108,M,O
1959822,M,O
1964445,M,O
1967675,F,O
1968098,M,O
2328102,M,Y
2328273,M,O
2338632,F,O
2349443,M,Y
2351571,M,O
2357873,M,O
2370614,M,O
2379049,M,O
2387036,F,O
2392955,M,O
2413613,F,O
2417001,F,O
2420613,M,O
2426252,F,O
2429160,F,O
2445245,F,O
2453253,M,O
2476364,F,O
2491304,M,O
2491898,M,O
2533035,M,O
2540356,M,Y
2545813,F,O
2548674,M,O
2568767,M,O
2588627,F,O
1318798,F,O
1405935,M,O
1425808,M,O
1492619,M,O
1679678,F,O
2049830,M,O
2071420,M,O
2126363,M,Y
2141516,F,O
2245996,M,O
2378975,M,O
2421658,M,Y
2507396,M,O
544289,M,O
544696,F,O
569489,F,O
579850,F,O
591452,F,O
596723,M,O
597483,F,O
621519,M,O
631112,M,O
648615,F,O
663321,F,O
668671,F,O
669488,F,O
690262,F,O
691069,F,O
696502,M,O
699795,M,O
700577,M,O
714028,M,O
727503,M,O
735875,F,O
743325,F,O
752126,M,O
788533,F,O
803062,M,O
835607,F,O
841757,M,O
852183,M,O
861497,F,O
861884,F,O
863906,F,O
866540,M,O
867692,F,Y
874318,M,O
886103,M,O
890725,F,O
894087,M,O
1361929,F,O
1381397,M,O
1381629,M,O
1389245,F,O
1425734,F,O
1454683,M,O
1475775,F,Y
1476801,M,O
1549400,M,O
1570416,F,O
345274,M,O
379391,M,O
383860,F,O
385956,F,O
404907,M,O
419113,F,O
421851,M,O
425343,M,O
440555,F,O
440678,M,O
450609,F,O
15122,F,O
47343,F,O
62274,M,O
93193,F,O
93578,F,O
96460,F,O
104933,M,O
106796,M,O
110948,M,Y
114434,M,O
126204,M,O
472357,F,O
481688,M,Y
514136,M,O
514697,M,O
522130,F,O
530210,M,O
542603,F,O
577266,M,O
588243,F,O
594435,M,O
598326,M,O
614853,M,O
641015,M,O
641396,F,O
653193,M,O
661374,M,O
663066,F,O
682171,M,O
684031,F,O
703035,M,O
703848,F,O
716557,F,O
717649,M,O
721067,M,O
735858,M,O
737843,M,O
765042,F,O
793506,M,O
794458,M,O
804760,M,O
821788,M,O
824596,M,O
841551,F,O
818808,M,O
830455,F,O
853896,M,O
857192,F,O
909019,F,O
915418,M,O
919375,M,O
941765,F,O
961914,M,O
962741,F,O
981441,M,Y
982924,M,O
987040,F,O
999498,F,O
1013541,M,O
1019623,F,O
1087417,F,O
1092765,M,O
1102182,M,O
1104088,M,Y
1120584,M,O
1146740,M,O
1187790,M,O
1225614,M,O
1231858,F,O
1273485,F,O
1282506,M,Y
1317549,M,O
2161127,M,O
2168153,F,O
2169008,F,O
2174011,M,O
2194113,M,O
2200189,M,Y
2223523,M,O
2247223,M,O
2288618,F,O
2291256,M,O
2306513,M,O
2355086,M,O
2357004,M,Y
2374848,F,O
2383553,M,O
2429225,M,O
2430062,M,O
2443345,F,O
2005504,F,O
2024426,M,O
2024685,M,O
2026711,M,O
2094680,F,O
2131184,M,O
2137847,M,O
2170111,F,O
2173678,F,O
2223704,F,O
2245558,M,O
2246029,M,O
2250055,F,O
2251733,M,O
2285969,F,O
2291674,M,O
2303899,M,O
2310209,F,O
2313869,M,O
2317450,F,O
2340445,F,O
2343783,F,O
2363764,M,O
2375767,F,O
2379545,M,O
2399255,F,O
2423811,F,O
2479933,M,O
2547043,F,O
2550491,M,O
2551077,F,O
2575672,M,O
2586361,M,O
2586437,M,O
522517,M,O
608564,M,O
615454,M,O
641338,M,O
693070,M,O
703321,M,O
717148,M,O
731464,M,Y
753046,M,O
946668,M,O
989598,F,O
1060713,F,O
1062936,F,O
1099877,M,O
44221,M,O
47951,F,O
80008,M,O
86630,F,O
122503,M,O
159293,F,O
177926,M,O
184259,F,O
191606,M,O
197054,F,O
211421,M,O
223083,M,Y
239147,F,O
261231,M,O
261664,F,O
283613,M,O
292448,M,O
301194,M,O
313038,F,O
325569,F,O
339961,M,O
340681,F,O
372600,F,O
375769,M,O
384119,F,O
397415,M,O
401183,M,O
403221,M,O
421150,M,O
424159,F,O
426329,F,O
433180,F,O
435220,M,O
450115,F,O
453515,F,O
454952,F,O
469269,F,O
486170,F,O
491818,M,O
505228,F,O
520984,M,O
521303,F,O
547420,M,O
563407,M,O
576799,M,Y
580106,M,O
587735,M,O
593054,M,O
610926,F,O
625546,M,O
92502,M,O
92871,M,O
112546,M,O
115908,M,O
122149,M,O
152737,M,O
172635,F,O
191805,M,O
198921,M,O
200645,M,O
226901,M,O
227986,M,O
248018,M,O
251049,M,O
286682,M,O
291188,M,Y
308682,M,Y
334438,M,O
334466,M,O
2472606,F,O
2479573,F,O
2534771,M,O
2550324,F,O
2563740,F,O
2569115,F,O
2569841,M,O
850821,M,O
909127,M,O
931642,F,O
936066,M,O
950772,M,O
951961,M,O
967448,F,O
983208,M,O
1020329,F,O
1035624,F,Y
1042509,M,O
1046324,M,O
1049708,F,O
1050169,M,O
1053362,M,O
1073633,M,O
1082132,M,O
1084655,M,O
1109213,M,O
1119816,F,O
1124400,M,O
1148793,F,O
1212402,F,O
1276216,M,O
1287534,M,O
10484,F,O
12208,F,O
95311,M,O
116722,F,O
134167,M,O
143307,F,O
147076,M,O
167199,M,O
190155,M,O
241466,F,O
247117,M,O
260618,M,Y
268593,M,O
100953,F,O
122618,M,O
124162,M,O
135250,M,O
207224,F,O
238481,F,O
267182,M,O
276847,M,O
279717,M,O
281070,M,O
286641,M,O
306772,M,O
315492,M,O
330861,M,O
336939,M,O
342893,F,O
348216,F,O
352221,M,O
353105,F,O
354995,F,O
357061,M,O
370612,M,O
373238,M,O
389931,M,O
391504,F,O
391604,F,O
404962,M,O
425056,F,O
439056,F,O
440076,M,O
445693,F,O
453178,F,O
455523,M,O
464495,M,Y
498594,M,O
499676,M,O
505245,M,O
506951,F,O
509817,M,O
533446,M,O
544232,M,O
551459,F,O
551576,M,O
574826,M,O
598152,F,O
603934,M,O
605885,M,O
609439,M,O
640801,M,Y
656532,F,O
676523,F,O
681936,F,O
685853,F,O
688895,F,O
704377,M,O
734298,M,O
735131,M,Y
737568,M,O
747813,M,O
756921,M,O
763176,F,O
772526,M,O
814268,M,O
818413,M,O
818631,F,O
819440,F,O
847091,M,O
855434,F,O
216274,M,O
233211,F,O
310531,F,O
312162,M,O
338793,M,O
353262,M,O
383645,F,O
399662,M,O
407046,F,O
449378,F,O
478626,M,O
481972,F,O
497983,F,O
514618,M,Y
522829,F,O
530577,M,O
656594,M,O
670180,M,O
15226,M,O
132705,F,O
168710,M,O
251111,M,O
365008,F,O
387832,M,O
388790,M,O
410000,F,O
414615,F,O
482478,M,O
496589,M,O
502990,M,O
511216,M,O
658982,M,O
913892,F,O
984284,F,O
1395892,M,O
1547475,F,O
1556247,F,O
1624170,M,O
1674243,M,O
1849686,M,O
1897052,M,O
1902275,F,O
1976542,M,O
16764,M,O
31780,F,O
68240,M,O
143969,M,O
228998,F,O
254798,F,O
266981,M,O
296845,F,O
329385,M,O
338594,M,O
547228,M,O
566060,M,O
658148,M,O
108769,F,O
171990,F,O
276205,M,O
337257,F,O
383993,M,O
1383055,F,O
1390410,F,O
1565938,M,Y
1576474,F,O
1629013,F,Y
1744482,F,Y
1745344,M,O
1802004,F,O
262583,M,O
317145,F,O
342332,M,Y
430518,M,Y
431417,M,O
444717,M,O
503533,M,O
513084,M,O
529091,F,O
529162,M,Y
1116590,F,O
1154216,F,O
1156990,F,O
1162539,M,O
1169954,M,O
1222614,M,O
1223324,F,O
1231736,M,O
1241059,M,O
1248693,M,O
1282762,M,O
1329712,F,O
1340969,M,O
1364867,M,O
1790270,F,O
1816939,M,O
1862794,F,O
1945177,M,O
37645,M,O
75379,M,O
110175,F,O
115204,F,O
159428,M,Y
176230,M,O
207159,M,O
215076,M,O
271167,F,O
274952,M,O
292778,F,O
297217,M,O
1984602,F,O
2003264,F,O
2026567,F,O
2037547,F,O
2040302,M,O
2049149,M,Y
2086033,M,O
2153926,M,O
2228675,M,O
2254637,M,O
2260022,M,O
2263787,M,O
741239,M,Y
772071,F,O
780976,F,O
855806,M,Y
957533,F,O
973133,F,O
1024964,F,O
1091811,M,Y
1107886,F,O
1109937,M,O
1135916,F,O
1149136,F,O
1264021,F,O
528164,M,O
553939,F,O
593693,M,O
603931,M,O
684118,M,O
688996,M,O
704237,F,O
719530,F,O
745008,M,O
764904,M,O
2064716,F,O
2083482,F,O
2087519,M,O
2113939,M,O
2255643,F,O
2273687,M,O
2287478,M,O
2324054,M,O
2329168,M,O
2357778,M,O
2362452,F,O
2124539,M,O
2126967,F,O
2133765,M,O
2144635,F,O
2165651,F,O
2180245,M,O
2197872,M,O
2217036,F,O
2231592,M,O
2244424,F,O
2244921,M,O
2394466,M,O
2462229,M,O
916567,M,O
936799,F,O
986362,M,O
1016368,M,O
1041983,M,O
2278885,M,O
2283542,F,O
2298105,F,O
2300236,F,O
2300368,F,O
2317592,M,O
2355320,M,O
486576,F,O
496595,M,Y
497316,M,O
511418,M,O
540491,F,O
564231,M,O
589176,M,O
596559,F,O
602103,F,O
602564,M,O
607284,M,Y
612674,F,O
637630,M,O
658750,M,Y
668503,F,O
670730,F,O
683683,M,O
730989,F,O
746447,M,O
753874,M,O
759932,F,O
765477,F,O
775309,M,O
851821,M,Y
2509877,F,Y
2522583,M,O
2543908,M,O
2544277,F,O
2554238,M,O
2560309,F,O
2576411,M,O
2576572,F,O
2576779,M,O
1608999,F,O
1614522,F,O
1644371,M,O
1651037,F,O
1676005,M,O
1677174,M,O
1682830,F,O
1702812,F,O
1718790,F,O
1723362,M,O
1727056,M,O
1735295,M,Y
1769256,M,O
1783400,M,Y
1794511,F,O
1808051,F,O
429452,F,O
432558,F,O
434291,F,O
436141,F,O
439036,M,O
443041,F,O
445010,F,O
449726,M,O
451571,F,O
457808,M,O
469564,F,O
470481,M,O
499592,M,O
505622,M,O
514431,M,O
71556,M,O
114598,F,O
119574,M,O
168429,F,O
204581,F,O
221743,M,O
234942,M,O
254892,M,O
261496,M,Y
264401,F,O
265507,F,Y
266305,F,O
276508,M,O
277616,M,O
282272,M,O
295749,F,O
42111,M,O
44045,F,O
169630,F,O
186996,F,O
207571,M,O
215156,M,O
216165,M,O
252305,M,Y
254481,M,O
257123,F,O
925068,F,O
931103,M,O
932537,M,O
939084,M,O
974087,M,O
990077,F,O
992524,M,O
997319,F,O
1028501,F,O
1031189,F,O
1043831,M,O
1045512,F,O
1089642,M,O
1098207,M,Y
1181166,F,O
1201781,F,O
2230113,M,Y
2236174,M,O
2239875,F,O
2280554,F,O
2287807,M,O
2315742,M,O
2344184,M,O
2356847,M,O
2385561,M,O
1317127,F,O
1332527,F,O
1387350,M,O
1409707,M,O
1459955,F,O
1476522,M,O
330388,M,O
331178,M,O
333744,M,Y
37270,F,O
45733,M,O
60228,F,O
73264,M,O
136339,M,O
199181,F,O
238375,F,O
273290,F,O
286325,M,O
287477,M,O
298630,M,O
358961,M,O
367985,F,O
374130,F,O
380480,F,O
392578,M,O
399622,M,O
410937,M,O
411148,M,O
432243,M,O
1847259,F,O
1888444,M,O
1934065,M,O
1950119,M,O
1951202,M,O
2029417,F,Y
2046842,M,O
2069407,M,O
22215,M,O
24171,M,Y
30522,M,O
30913,M,O
68946,M,O
80399,M,O
82541,F,O
93270,F,O
119437,F,O
160787,M,O
222155,F,O
239806,M,Y
250909,M,O
260273,F,O
272371,M,O
276511,M,O
333011,F,O
334197,M,O
355146,M,O
361365,F,O
365537,F,O
394919,F,O
396079,M,O
397356,F,O
410017,F,O
429260,M,O
478988,M,O
261390,M,O
292725,M,O
313603,M,Y
340208,F,O
374170,F,O
416833,F,O
420848,M,O
439748,F,O
492149,M,Y
1511143,F,O
1408435,M,O
1408662,F,O
1408954,F,O
1450477,M,O
1461664,F,O
1481523,M,O
1530669,M,O
1563359,M,O
1589865,F,O
2087636,F,O
2110439,F,O
2129755,M,Y
2257614,M,O
2262504,M,O
2305212,M,O
1030699,F,O
1125164,M,Y
1171137,M,O
1240960,M,O
1268322,M,O
1275759,M,O
1308116,M,O
1342642,M,O
1344520,F,Y
1394288,F,O
1468116,M,O
1489771,F,O
1507707,M,O
1528357,M,O
1573949,F,O
1574000,F,O
1588763,F,O
1648494,F,Y
1650696,F,O
1678597,M,O
1684585,F,O
1705873,M,O
1750379,F,O
1781671,M,O
1851640,M,Y
1889235,F,O
1900211,F,O
1946029,M,O
1984028,M,O
1992366,M,O
2021615,M,O
2039538,F,O
2066101,M,O
2084340,M,O
2091183,M,O
2097338,F,O
2124729,M,O
2144093,F,O
2148590,F,O
2269645,M,O
2297234,M,O
2309555,F,O
2335383,M,O
2365580,F,O
2483522,F,O
2498859,M,O
2530505,M,O
2563366,M,O
616321,F,O
774298,M,Y
614905,M,O
618640,M,O
625266,F,O
631391,M,O
633594,F,O
688158,F,O
703762,F,O
707133,M,O
713872,M,O
718521,M,O
718599,M,O
747137,F,O
753472,F,O
755290,F,O
773031,F,O
794382,F,O
796969,F,O
2418172,F,Y
2429441,M,O
1975517,F,O
2019513,F,O
2220791,F,O
2284575,F,O
2311086,F,O
2380114,F,O
2455125,M,O
2481297,M,O
2487837,M,O
2506932,F,O
2445058,M,O
2482579,F,O
294926,M,Y
298406,F,O
359122,F,O
366159,F,O
373787,M,O
403872,F,O
409252,M,O
412473,M,O
415271,F,O
463926,M,Y
495355,M,Y
502830,M,O
554946,F,O
580038,F,O
619004,F,O
693193,M,O
698294,M,O
755948,F,O
883743,M,O
914239,F,O
991262,M,Y
997204,M,O
1015919,F,O
1017143,M,O
1053147,M,Y
1078708,M,O
1294662,M,O
1317399,M,O
1319070,F,O
1320520,F,O
1371122,M,O
1408375,F,O
1416935,F,O
1437776,M,O
1481240,M,O
1503819,F,O
1630310,F,O
1663612,M,O
1692259,F,O
1720743,M,O
1730634,M,Y
2225338,M,Y
2260489,F,O
2101386,M,O
2143620,M,O
2147267,M,O
2165033,F,O
2028302,M,O
2430574,F,O
2482724,M,O
2555537,M,O
2589842,M,O
342985,F,O
375544,M,O
390313,F,O
413226,M,O
420723,M,O
438327,M,O
499753,F,O
520966,M,O
1302444,F,O
1303878,F,O
1348004,F,O
1370426,M,Y
1390549,M,O
1460525,F,O
1493719,M,O
1522514,M,O
2169406,F,O
2222947,F,O
2256645,M,O
2269856,M,O
2324689,M,O
2335606,M,O
2361200,M,O
1732340,M,O
2027323,M,Y
2037175,F,O
2413957,M,O
2434689,M,Y
2562082,M,O
2104872,M,O
2106731,F,O
2147376,M,O
2197112,F,O
2207655,M,O
2305021,F,O
2338027,M,O
2502369,M,O
2588040,M,O
2589784,M,O
47995,F,O
2016499,M,Y
2116090,F,O
2227615,F,O
2250041,M,O
898786,M,O
918101,F,O
935082,F,O
557119,F,O
590553,F,O
695380,F,O
814093,F,O
1277273,M,O
1732940,M,O
1759879,M,O
1762784,M,O
60752,M,O
67291,F,O
97018,F,O
132343,M,Y
163351,F,O
170735,F,O
198265,F,O
202934,M,O
230527,F,O
235134,F,O
294535,F,O
300724,F,O
336903,M,O
359095,F,O
361347,F,O
373291,M,O
390008,F,O
430885,M,O
300296,M,O
428151,M,O
456196,M,O
529550,M,O
554438,M,O
569426,M,O
31153,F,O
1880219,M,O
1921415,M,O
2024118,F,O
2026717,M,O
2081679,M,O
2203725,M,O
2210828,M,O
2278649,M,Y
524313,M,O
527169,M,O
527646,M,O
537978,F,O
589860,M,O
608318,F,O
623690,M,Y
639053,F,O
708790,M,O
722843,M,O
318219,M,O
332746,M,Y
362043,M,O
364050,M,O
395374,F,O
399483,F,O
420148,M,O
430775,F,O
431655,M,O
437436,M,O
438737,F,O
464362,M,O
484927,M,O
500491,F,O
825259,F,O
871075,F,O
916194,M,O
922070,M,Y
924555,F,O
969871,F,O
110186,M,O
114341,M,O
135302,F,O
162949,M,O
174548,M,O
228244,M,O
230760,M,O
232914,M,O
27725,M,O
29369,M,O
104853,M,O
184387,M,O
223714,F,O
2313510,F,O
2314503,M,O
1472881,M,O
1476574,M,Y
1502199,F,O
1538783,M,O
1588727,M,O
1708011,F,O
180912,F,O
192599,M,O
202579,M,O
265344,F,O
295035,M,O
364928,F,O
366204,M,O
529729,F,O
570518,M,O
573810,M,O
654160,M,O
673553,M,O
677270,M,O
382661,M,O
409774,M,O
413140,F,O
427661,M,O
491895,M,O
826839,M,O
843826,M,O
945993,M,O
990669,F,O
1044420,M,O
1075533,M,O
1058728,M,O
1076058,M,O
1087282,M,O
1117973,F,O
1145510,M,O
1157379,M,O
1221512,M,O
1271734,F,O
1316327,M,O
1356749,M,Y
1381449,M,O
1396236,F,O
1424496,M,O
988550,M,O
1004927,F,O
1022978,M,Y
1025688,F,O
1037178,M,O
1055479,F,O
1098474,M,O
1102576,M,O
1189886,M,O
1194571,F,O
1236270,M,O
1263509,F,O
1266917,F,O
1302635,M,O
1315917,F,Y
1317098,M,O
1324370,F,O
1351062,M,O
45311,M,O
496717,M,O
662290,M,O
760438,F,O
442799,F,O
459140,M,O
486605,M,O
489686,M,O
491777,M,O
499270,M,O
503305,F,O
505803,F,O
507212,M,Y
508184,F,O
512742,F,O
547345,M,O
559288,M,O
592564,M,O
600966,F,O
734833,M,O
735511,F,O
771517,M,O
776575,M,O
621547,M,O
622253,F,O
643768,M,O
700656,M,O
704351,F,O
791633,F,O
802836,M,O
913823,F,O
930758,M,Y
947024,M,Y
955211,F,O
18533,M,O
25433,M,O
961143,M,O
1026952,M,O
1066156,M,O
1146301,M,O
33439,M,O
48332,M,O
54764,M,O
158871,M,O
174998,F,O
260171,M,O
535481,M,O
538405,M,O
619166,M,O
620212,M,O
906479,F,O
995155,M,O
1025069,F,O
1119973,M,O
1218285,M,O
1236103,M,O
1372807,F,O
1489781,M,O
1586335,M,O
1774354,F,O
1844421,M,O
1938435,M,Y
1949199,M,O
1996989,M,O
2084086,M,O
2159748,M,O
2162456,F,O
2226173,M,O
2229668,F,O
1163253,M,O
1201704,M,O
1223263,M,O
1270941,M,O
1324047,M,O
1366164,M,O
1383279,M,O
1396994,F,O
1440217,M,Y
1443924,F,O
1482899,F,Y
1536379,F,O
2076449,F,O
2172493,F,Y
2239911,F,Y
74280,M,O
100160,M,O
458351,M,O
496585,M,O
779622,M,O
844824,M,O
1263018,F,O
1279690,M,O
1486025,F,O
1569415,M,O
1818038,F,O
2006443,M,O
53389,F,O
2552043,M,Y
2555980,M,O
2568376,M,O
15661,M,Y
84016,F,O
244556,M,O
275043,M,O
326502,F,O
150886,M,O
212415,M,O
345222,M,O
364908,F,O
463351,M,O
481107,M,O
536059,M,O
550721,F,O
551644,F,O
1129071,M,O
1151626,M,O
1157540,M,O
1571814,M,O
1649080,M,O
82052,M,O
126769,F,O
138156,M,O
166979,F,O
170925,F,O
184629,F,O
188271,M,O
246325,M,O
308234,F,O
348890,M,O
402595,M,O
417006,F,O
465490,M,O
1979481,F,O
2367500,M,Y
502445,M,O
564153,F,O
566168,F,O
627428,M,O
1524252,F,O
1558862,M,O
1602071,M,O
1614224,M,O
1618589,M,O
1620280,M,O
1688503,F,O
1705895,F,O
1750029,M,O
1778911,F,O
1802558,F,O
1822285,F,O
1883764,F,O
1907298,M,O
1935347,F,O
1944456,M,O
2055496,F,O
2057800,M,O
2108508,F,O
450878,F,O
462410,F,O
544060,M,O
567105,M,O
644345,M,O
685402,F,O
19915,F,O
37391,M,Y
46659,M,O
65205,F,O
76761,M,Y
89652,F,O
120512,F,O
169883,M,O
197294,F,O
243502,M,O
292286,M,O
354888,M,O
370777,F,O
410986,F,O
524923,M,O
554368,M,O
611739,M,Y
612474,F,O
622296,F,O
624323,F,O
696453,M,O
727431,M,O
798084,F,O
807055,F,O
849610,M,O
1737342,F,O
1767884,F,O
1980224,F,O
10147,M,O
286942,M,O
533480,F,O
795926,M,O
1696871,M,Y
1909686,F,O
1949930,F,O
1991736,F,O
2108821,M,Y
2139152,F,O
2165007,M,O
2212413,F,O
2567407,M,Y
2166915,M,Y
2213208,M,Y
2322009,F,O
53504,F,O
92142,M,O
2293782,M,O
2466290,F,O
2468510,F,O
2537784,M,O
867579,F,O
896338,M,O
903756,M,O
993547,M,O
1127211,F,O
1915480,F,O
1959762,F,O
1960468,F,O
2146237,F,O
2147850,F,O
2208618,F,O
2223621,M,O
2226587,F,O
714905,M,O
715551,F,O
735108,F,O
802860,M,O
803759,F,O
841254,M,O
853515,M,O
921549,F,O
970679,M,O
1072384,F,O
485063,M,O
533934,F,O
570940,M,O
610829,M,O
1371427,M,Y
1436052,F,O
1539443,F,O
1614703,F,O
1800916,M,O
1889270,F,O
1914757,M,O
2061511,M,O
2273424,M,O
2329843,F,O
2530468,M,O
1106970,F,O
1127044,F,O
1442983,F,O
2260186,F,O
331466,M,O
335374,M,O
435245,M,O
571677,M,O
601361,F,O
1382128,M,O
1572735,M,O
1890137,M,O
2165309,F,O
2271066,F,O
2327362,F,O
2488663,F,O
2493860,F,O
2154180,F,O
2317400,M,O
1192568,M,O
483616,F,O
670263,M,O
698430,F,O
709161,F,O
713970,M,O
806195,M,O
1725057,M,O
1793922,F,O
1804657,M,O
1872365,M,O
1879824,M,O
41048,F,O
116727,M,Y
138960,F,O
296398,M,O
148353,M,O
1124178,M,Y
1228088,F,O
1334987,F,O
577715,M,O
601079,M,O
654357,M,O
661741,F,O
677487,M,O
795724,F,O
398424,F,O
435751,F,O
526433,F,O
544403,F,O
12779,F,O
29354,M,O
66867,M,Y
152854,F,O
162656,F,O
228535,M,O
644301,M,Y
1867748,F,O
22319,F,O
139274,F,O
256643,M,O
945229,F,O
977032,M,O
986233,F,O
1018540,F,O
1019527,M,O
2351268,F,O
1160884,M,O
1874832,F,O
1876765,M,O
2149094,F,O
2213468,M,O
2216805,F,O
2258580,M,O
2323940,M,O
2414143,F,O
2459550,F,O
2464488,M,O
543018,M,Y
548137,M,O
590802,M,O
638225,F,O
666774,F,O
733642,F,O
802431,M,O
822952,F,O
837558,F,O
848042,M,O
901719,M,O
1330244,F,O
1351087,M,Y
1353370,M,O
1358109,M,O
50803,M,O
99698,M,O
115519,M,O
309413,M,O
355689,M,O
356449,M,O
399599,M,O
409578,M,O
425435,F,O
430526,M,O
522874,M,Y
528569,F,O
538172,F,Y
560777,M,Y
571249,M,Y
603314,M,O
655356,F,O
659661,F,O
1070620,M,O
407411,F,O
456378,M,O
475980,F,O
1229095,F,O
1360969,M,O
456647,M,O
512477,M,Y
650765,M,O
1346139,M,O
2270566,M,O
2307118,M,O
1386804,M,O
2492933,F,O
2557791,M,O
2479431,F,O
1730903,F,O
1844864,M,O
1854977,F,O
1880003,F,O
2084602,F,O
2086148,M,O
2242397,M,O
2331087,M,O
2332394,M,O
976280,F,O
985490,F,O
1014449,F,O
1035877,F,O
1036283,F,O
1069135,F,O
1656866,F,O
1680767,F,O
1806565,M,O
1810854,F,O
1813341,F,O
1830098,M,O
1841073,F,O
68397,F,O
70843,M,O
324264,F,O
363543,F,O
454229,M,O
464790,M,Y
506542,F,O
566901,M,O
661310,M,O
777555,M,O
994193,M,O
1060164,F,O
1681889,M,O
1698911,F,O
1789548,F,O
1792476,M,O
1797528,F,O
1178223,F,O
1192752,M,O
1305388,F,O
1332687,M,O
1352910,M,O
1358930,M,O
1396089,F,O
2046177,M,O
2062824,M,O
2076693,F,O
2110137,F,O
2122591,M,O
2122892,F,O
1474141,M,O
1514753,F,O
1603748,M,O
1615752,M,O
13575,M,O
52844,M,O
214737,F,O
438482,M,O
610337,M,O
654990,M,O
671871,F,O
753106,M,O
782718,F,O
864922,F,O
1022351,M,O
1057614,F,O
1171122,F,O
2525418,M,O
1763278,M,O
1932556,F,Y
2001570,F,O
2047967,M,O
21371,M,O
119314,F,O
204567,F,O
222181,F,O
313588,F,O
384640,F,O
594433,F,O
594996,M,O
634731,F,O
873357,F,O
1024124,F,O
1119464,M,O
1241624,F,O
1264623,F,O
1171013,F,O
1204048,M,O
1319310,F,O
1368640,M,O
1394425,M,O
1412880,M,O
1420507,F,O
1487359,F,O
1525554,F,O
1530804,F,O
1580118,F,Y
1629381,M,O
1640562,M,O
1652021,F,O
1732444,F,O
1919746,F,O
1920431,M,O
2057592,M,O
2092243,M,O
2124527,M,O
2168731,F,O
286512,F,O
310836,M,O
350256,F,O
351252,M,O
421292,M,O
463357,M,O
511578,M,O
512624,M,O
600282,M,O
1912996,M,O
1982309,M,O
2145896,M,Y
2246980,M,O
2393641,F,O
1072925,M,O
1091064,M,O
1224778,F,O
704183,F,O
735187,M,O
763308,M,O
773771,M,O
802954,M,O
48090,F,O
182220,M,O
1757108,M,O
2010998,M,O
2324897,M,O
268799,M,O
277141,M,O
1336149,F,O
1554403,F,O
1577013,M,O
1579468,M,O
904890,M,O
910171,M,O
986730,M,O
1791877,M,O
1814926,M,O
1880932,M,O
213101,F,O
325305,F,O
477685,M,Y
1199560,M,O
1380438,M,O
2113797,F,O
2116084,M,O
1929902,M,O
1684835,M,O
185988,M,O
189425,F,O
193562,M,O
221573,F,O
315738,M,O
633907,F,O
1723334,F,O
973013,F,O
1525525,M,O
1570806,F,O
1594536,M,O
1628764,M,O
1648312,M,O
1724969,M,O
1467233,F,O
1519556,F,O
1519986,M,Y
1699289,M,O
1593575,M,O
2348744,M,O
89207,F,O
765476,M,O
966363,M,O
371701,M,O
222763,M,O
569690,M,O
609426,F,O
94885,M,O
234457,M,O
496096,F,O
1839269,F,O
303081,M,O
303201,M,O
1555154,M,O
1916682,M,O
2128039,F,O
2238269,M,Y
2442245,F,O
1794055,M,O
1935828,M,O
2063580,M,O
2084636,F,O
2157402,M,O
968334,F,O
171900,M,O
288102,M,O
296184,F,O
340167,M,O
344014,M,O
364793,M,O
404813,F,O
52773,M,O
480645,F,O
501504,M,O
513338,F,O
566738,M,Y
617823,M,O
1322959,F,O
1529511,M,O
1575318,M,O
1585777,M,O
1593078,M,O
1593482,M,O
1666170,M,O
1914739,F,O
49929,F,O
146777,F,O
187476,F,O
415053,M,O
475123,M,O
853375,M,O
714886,M,O
763788,F,O
444645,F,O
534883,M,O
877343,M,O
1238900,F,O
1023480,F,O
1258047,M,O
1380917,F,O
355975,F,O
358263,M,O
708254,F,O
771970,M,O
11544,F,O
381641,M,O
623683,M,O
639925,M,O
414810,M,O
393001,F,O
20110,M,O
216414,M,O
2192116,F,O
2277256,M,O
1781112,M,O
1939562,F,O
765989,M,O
865409,M,O
983646,F,O
1016387,M,O
1096161,F,O
1568489,F,O
1433806,M,Y
1462167,M,O
1465793,M,O
1478792,F,O
1498383,M,O
1660101,M,O
1676572,F,O
1722702,F,O
1740604,M,O
182837,M,O
213827,M,O
326281,F,O
573581,M,O
2147958,F,O
2419451,F,O
1036292,F,O
145570,M,O
944931,M,O
794545,M,O
967651,M,O
2280214,F,O
2348280,M,O
305403,F,O
2560954,F,O
2424902,F,O
2449270,F,O
220346,M,O
629175,M,O
1340546,M,O
1402402,F,O
1429674,M,O
1448934,F,O
1489109,M,O
1669725,M,O
1732838,M,O
1782218,M,O
1807459,F,O
598056,F,O
2449803,F,O
2521754,F,O
744156,F,O
863280,M,O
1233855,M,O
1333252,M,Y
1595715,M,O
1693619,M,O
1995564,M,O
2053551,F,O
2099342,F,O
2284560,M,O
493867,M,O
737818,M,O
1056197,F,O
1305142,M,O
1494654,M,O
1563972,F,O
1831648,F,O
2143027,M,O
2151630,M,O
2328359,M,O
1277824,F,O
2445845,M,O
1001445,F,O
1012432,F,O
1870518,F,Y
1877731,M,O
780192,F,O
2408524,F,O
2546718,F,O
2580968,M,O
271212,M,O
363024,M,O
189402,M,O
1577489,M,O
1770668,M,O
51513,F,O
1638694,M,O
1792117,M,O
1826549,F,O
373741,M,O
2438933,M,O
651539,M,O
876041,M,O
1176453,F,O
1191164,M,O
1229699,M,O
2397709,M,O
2443916,M,Y
73829,M,O
399624,M,O
858122,M,O
975452,F,O
1051868,M,O
1267140,F,O
1328893,M,O
1436927,M,O
1627625,M,O
1651531,M,O
122796,F,O
309117,M,O
335336,F,O
814170,M,O
841534,M,O
998351,M,O
1217766,M,O
425174,F,O
2171227,F,O
1965628,F,O
1386914,M,O
513604,M,O
1030763,F,O
1089814,M,O
1380092,M,O
679658,M,O
2140535,M,O
2228760,F,O
820612,F,O
1260134,M,O
1293612,F,O
1493721,M,O
928404,F,O
1170557,M,O
2556822,F,O
1396816,M,O
1400559,M,O
1616146,M,O
1647068,M,Y
2485008,M,O
2223178,F,O
1121722,M,O
1247217,M,O
1352008,F,O
1481428,M,O
1554563,F,O
1823259,F,O
1876077,F,O
1974697,F,O
2095703,F,O
2135890,F,O
2171104,F,O
2271599,F,O
2273620,M,Y
273678,F,O
339116,M,O
1879369,M,O
2132410,M,O
1027763,M,O
2257831,M,O
2522296,M,O
250502,M,O
2239004,F,O
751313,F,O
842291,M,O
1934347,M,O
1993237,M,O
1279378,F,O
548405,F,O
628698,M,O
856914,M,Y
123412,M,O
1699832,M,O
812339,F,O
1348201,F,O
2116954,M,O
840413,M,O
865523,M,O
863101,M,O
1077369,F,O
2355203,F,O
791185,F,O
179227,M,O
254398,M,O
1088309,M,O
636418,M,O
1392664,F,O
177011,F,O
605363,F,O
1987746,F,O
2571745,M,O
1496195,F,O
1767122,M,O
1198862,M,O
1512853,M,O
512471,M,O
77919,M,O
2255852,F,O
939369,M,O
1074758,F,O
998656,F,O
1901063,M,O
1463982,M,O
2402892,M,O
240008,F,O
740788,F,O
2293181,M,O
2549216,F,O
1362523,M,O
1929494,M,O
1275081,M,O
961603,F,O
2055600,M,O
1272009,F,O
107530,M,Y
1424480,M,O
958773,M,O
2557600,F,O
2022106,F,O
564299,M,O
1743385,M,O
790347,M,Y
871514,M,O
1221114,F,O
1762458,M,O
1277932,F,O
2187756,M,O
1882017,M,O
1732046,F,O
2525737,F,O
578167,F,O
1986987,F,O
